round,seed,slot,agent,code,survived,round_steps,score,coins,kills,suicides,crates,bombs,moves,invalid,steps,time,died,killed_by_opponent,rank,won
0,990731,0,user_agent,user_agent,0,400,0,0,0,0,6,3,25,2,79,0.00010371208190917969,1,1,4,0
0,990731,1,ext_xiaoxiae_binary_v6_0,ext_xiaoxiae_binary_v6,0,400,8,3,1,1,35,16,101,2,138,0.17688441276550293,1,0,1,1
0,990731,2,ext_xiaoxiae_binary_v6_1,ext_xiaoxiae_binary_v6,1,400,5,5,0,0,59,46,279,0,400,0.46100807189941406,0,0,2,0
0,990731,3,ext_xiaoxiae_binary_v6_2,ext_xiaoxiae_binary_v6,0,400,1,1,0,1,22,13,88,0,114,0.12485456466674805,1,0,3,0
1,990732,0,user_agent,user_agent,0,400,1,1,0,0,2,1,39,0,41,4.506111145019531e-05,1,1,4,0
1,990732,1,ext_xiaoxiae_binary_v6_0,ext_xiaoxiae_binary_v6,1,400,3,3,0,0,32,46,341,0,400,0.4219350814819336,0,0,3,0
1,990732,2,ext_xiaoxiae_binary_v6_1,ext_xiaoxiae_binary_v6,1,400,7,2,1,0,31,49,328,7,400,0.35599589347839355,0,0,2,0
1,990732,3,ext_xiaoxiae_binary_v6_2,ext_xiaoxiae_binary_v6,0,400,8,3,1,1,24,15,92,1,126,0.15347647666931152,1,0,1,1
2,990733,0,user_agent,user_agent,0,400,1,1,0,0,5,2,258,1,265,0.0002613067626953125,1,1,4,0
2,990733,1,ext_xiaoxiae_binary_v6_0,ext_xiaoxiae_binary_v6,0,400,7,2,1,1,30,23,155,2,201,0.28011488914489746,1,0,2,0
2,990733,2,ext_xiaoxiae_binary_v6_1,ext_xiaoxiae_binary_v6,0,400,2,2,0,0,24,8,53,2,77,0.09124565124511719,1,1,3,0
2,990733,3,ext_xiaoxiae_binary_v6_2,ext_xiaoxiae_binary_v6,1,400,9,4,1,0,67,48,297,3,400,0.5499999523162842,0,0,1,1
3,990734,0,user_agent,user_agent,1,400,0,0,0,0,4,5,206,3,400,0.00035500526428222656,0,0,4,0
3,990734,1,ext_xiaoxiae_binary_v6_0,ext_xiaoxiae_binary_v6,1,400,4,4,0,0,41,24,358,1,400,0.3679206371307373,0,0,2,0
3,990734,2,ext_xiaoxiae_binary_v6_1,ext_xiaoxiae_binary_v6,0,400,2,2,0,0,16,18,121,0,158,0.17270207405090332,1,1,3,0
3,990734,3,ext_xiaoxiae_binary_v6_2,ext_xiaoxiae_binary_v6,0,400,5,0,1,1,15,16,125,1,158,0.2482926845550537,1,0,1,1
4,990735,0,user_agent,user_agent,0,400,0,0,0,0,2,2,26,4,74,9.131431579589844e-05,1,1,4,0
4,990735,1,ext_xiaoxiae_binary_v6_0,ext_xiaoxiae_binary_v6,1,400,12,2,2,0,22,43,344,1,400,0.28087854385375977,0,0,1,1
4,990735,2,ext_xiaoxiae_binary_v6_1,ext_xiaoxiae_binary_v6,1,400,2,2,0,0,41,46,334,1,400,0.2696056365966797,0,0,3,0
4,990735,3,ext_xiaoxiae_binary_v6_2,ext_xiaoxiae_binary_v6,0,400,3,3,0,0,38,12,83,1,109,0.12820744514465332,1,1,2,0
5,990736,0,user_agent,user_agent,0,400,0,0,0,0,16,16,263,14,304,0.0003476142883300781,1,1,4,0
5,990736,1,ext_xiaoxiae_binary_v6_0,ext_xiaoxiae_binary_v6,1,400,8,3,1,0,26,44,342,5,400,0.656367301940918,0,0,1,1
5,990736,2,ext_xiaoxiae_binary_v6_1,ext_xiaoxiae_binary_v6,0,400,3,3,0,1,22,9,75,1,94,0.111663818359375,1,0,2,0
5,990736,3,ext_xiaoxiae_binary_v6_2,ext_xiaoxiae_binary_v6,1,400,1,1,0,0,42,45,331,5,400,0.6776254177093506,0,0,3,0
6,990737,0,user_agent,user_agent,0,400,1,1,0,0,5,4,116,2,125,0.00014972686767578125,1,1,3,0
6,990737,1,ext_xiaoxiae_binary_v6_0,ext_xiaoxiae_binary_v6,0,400,1,1,0,1,27,21,119,4,164,0.191314697265625,1,0,3,0
6,990737,2,ext_xiaoxiae_binary_v6_1,ext_xiaoxiae_binary_v6,1,400,2,2,0,0,19,50,304,11,400,0.5604770183563232,0,0,2,0
6,990737,3,ext_xiaoxiae_binary_v6_2,ext_xiaoxiae_binary_v6,1,400,9,4,1,0,43,47,321,6,400,0.5496113300323486,0,0,1,1
7,990738,0,user_agent,user_agent,0,400,0,0,0,0,2,2,82,1,86,9.608268737792969e-05,1,1,3,0
7,990738,1,ext_xiaoxiae_binary_v6_0,ext_xiaoxiae_binary_v6,1,400,9,4,1,0,63,44,321,2,400,0.4723641872406006,0,0,2,0
7,990738,2,ext_xiaoxiae_binary_v6_1,ext_xiaoxiae_binary_v6,0,400,15,5,2,1,50,21,150,2,188,0.23212838172912598,1,0,1,1
7,990738,3,ext_xiaoxiae_binary_v6_2,ext_xiaoxiae_binary_v6,0,400,0,0,0,1,12,17,127,2,159,0.1821129322052002,1,0,3,0
8,990739,0,user_agent,user_agent,1,400,0,0,0,0,13,7,385,0,400,0.00034308433532714844,0,0,2,0
8,990739,1,ext_xiaoxiae_binary_v6_0,ext_xiaoxiae_binary_v6,1,400,3,3,0,0,17,7,387,0,400,0.26200127601623535,0,0,1,1
8,990739,2,ext_xiaoxiae_binary_v6_1,ext_xiaoxiae_binary_v6,1,400,0,0,0,0,10,38,346,0,400,0.16707444190979004,0,0,2,0
8,990739,3,ext_xiaoxiae_binary_v6_2,ext_xiaoxiae_binary_v6,1,400,0,0,0,0,14,38,353,0,400,0.18296074867248535,0,0,2,0
9,990740,0,user_agent,user_agent,1,400,1,1,0,0,6,18,361,18,400,0.0003190040588378906,0,0,2,0
9,990740,1,ext_xiaoxiae_binary_v6_0,ext_xiaoxiae_binary_v6,0,400,1,1,0,1,7,4,18,1,31,0.02479410171508789,1,0,2,0
9,990740,2,ext_xiaoxiae_binary_v6_1,ext_xiaoxiae_binary_v6,0,400,1,1,0,1,27,13,77,1,107,0.13025808334350586,1,0,2,0
9,990740,3,ext_xiaoxiae_binary_v6_2,ext_xiaoxiae_binary_v6,1,400,2,2,0,0,41,44,340,0,400,0.2492237091064453,0,0,1,1
10,990741,0,user_agent,user_agent,1,400,0,0,0,0,10,4,392,1,400,0.0003097057342529297,0,0,4,0
10,990741,1,ext_xiaoxiae_binary_v6_0,ext_xiaoxiae_binary_v6,0,400,2,2,0,1,18,8,53,2,70,0.08332562446594238,1,0,2,0
10,990741,2,ext_xiaoxiae_binary_v6_1,ext_xiaoxiae_binary_v6,0,400,2,2,0,1,19,9,56,0,76,0.0840609073638916,1,0,2,0
10,990741,3,ext_xiaoxiae_binary_v6_2,ext_xiaoxiae_binary_v6,1,400,9,4,1,0,41,15,378,1,400,0.31671810150146484,0,0,1,1
11,990742,0,user_agent,user_agent,1,400,1,1,0,0,2,1,398,0,400,0.00036072731018066406,0,0,2,0
11,990742,1,ext_xiaoxiae_binary_v6_0,ext_xiaoxiae_binary_v6,1,400,1,1,0,0,15,54,305,0,400,0.23344922065734863,0,0,2,0
11,990742,2,ext_xiaoxiae_binary_v6_1,ext_xiaoxiae_binary_v6,0,400,1,1,0,0,18,16,119,0,143,0.20270514488220215,1,1,2,0
11,990742,3,ext_xiaoxiae_binary_v6_2,ext_xiaoxiae_binary_v6,1,400,7,2,1,0,46,52,305,0,400,0.3060746192932129,0,0,1,1
12,990743,0,user_agent,user_agent,0,400,1,1,0,0,2,1,45,0,46,4.673004150390625e-05,1,1,4,0
12,990743,1,ext_xiaoxiae_binary_v6_0,ext_xiaoxiae_binary_v6,0,400,2,2,0,1,19,8,57,1,75,0.09623146057128906,1,0,2,0
12,990743,2,ext_xiaoxiae_binary_v6_1,ext_xiaoxiae_binary_v6,1,400,8,3,1,0,33,44,343,0,400,0.19769930839538574,0,0,1,1
12,990743,3,ext_xiaoxiae_binary_v6_2,ext_xiaoxiae_binary_v6,1,400,2,2,0,0,19,44,335,0,400,0.19882678985595703,0,0,2,0
13,990744,0,user_agent,user_agent,0,400,0,0,0,1,5,4,215,1,225,0.00023412704467773438,1,0,4,0
13,990744,1,ext_xiaoxiae_binary_v6_0,ext_xiaoxiae_binary_v6,0,400,3,3,0,1,39,16,107,1,137,0.1942887306213379,1,0,2,0
13,990744,2,ext_xiaoxiae_binary_v6_1,ext_xiaoxiae_binary_v6,1,400,14,4,2,0,60,41,313,0,400,0.610041618347168,0,0,1,1
13,990744,3,ext_xiaoxiae_binary_v6_2,ext_xiaoxiae_binary_v6,0,400,2,2,0,1,19,12,103,0,120,0.16806316375732422,1,0,3,0
14,990745,0,user_agent,user_agent,0,400,0,0,0,0,5,3,55,3,63,7.152557373046875e-05,1,1,4,0
14,990745,1,ext_xiaoxiae_binary_v6_0,ext_xiaoxiae_binary_v6,0,400,2,2,0,0,34,18,117,3,151,0.16324257850646973,1,1,3,0
14,990745,2,ext_xiaoxiae_binary_v6_1,ext_xiaoxiae_binary_v6,1,400,3,3,0,0,28,55,278,0,400,0.28680896759033203,0,0,2,0
14,990745,3,ext_xiaoxiae_binary_v6_2,ext_xiaoxiae_binary_v6,1,400,10,0,2,0,37,54,324,0,400,0.3112924098968506,0,0,1,1
15,990746,0,user_agent,user_agent,1,400,1,1,0,0,3,1,398,0,400,0.0003769397735595703,0,0,2,0
15,990746,1,ext_xiaoxiae_binary_v6_0,ext_xiaoxiae_binary_v6,1,400,2,2,0,0,23,49,341,0,400,0.2105541229248047,0,0,1,1
15,990746,2,ext_xiaoxiae_binary_v6_1,ext_xiaoxiae_binary_v6,1,400,1,1,0,0,18,6,385,0,400,0.33220577239990234,0,0,2,0
15,990746,3,ext_xiaoxiae_binary_v6_2,ext_xiaoxiae_binary_v6,1,400,1,1,0,0,21,50,340,0,400,0.18372035026550293,0,0,2,0
16,990747,0,user_agent,user_agent,0,400,1,1,0,0,5,5,76,6,114,0.00012969970703125,1,1,3,0
16,990747,1,ext_xiaoxiae_binary_v6_0,ext_xiaoxiae_binary_v6,1,400,12,2,2,0,29,12,380,1,400,0.23601722717285156,0,0,1,1
16,990747,2,ext_xiaoxiae_binary_v6_1,ext_xiaoxiae_binary_v6,1,400,5,0,1,0,23,12,379,0,400,0.19339537620544434,0,0,2,0
16,990747,3,ext_xiaoxiae_binary_v6_2,ext_xiaoxiae_binary_v6,0,400,1,1,0,1,12,4,34,0,43,0.06482338905334473,1,0,3,0
17,990748,0,user_agent,user_agent,1,400,1,1,0,0,5,2,397,0,400,0.00037479400634765625,0,0,2,0
17,990748,1,ext_xiaoxiae_binary_v6_0,ext_xiaoxiae_binary_v6,0,400,3,3,0,1,24,20,155,5,194,0.26098132133483887,1,0,1,1
17,990748,2,ext_xiaoxiae_binary_v6_1,ext_xiaoxiae_binary_v6,1,400,1,1,0,0,49,30,346,3,400,0.47972702980041504,0,0,2,0
17,990748,3,ext_xiaoxiae_binary_v6_2,ext_xiaoxiae_binary_v6,0,400,0,0,0,1,12,9,54,0,72,0.0710911750793457,1,0,4,0
18,990749,0,user_agent,user_agent,1,400,1,1,0,0,3,1,398,0,400,0.0003066062927246094,0,0,2,0
18,990749,1,ext_xiaoxiae_binary_v6_0,ext_xiaoxiae_binary_v6,1,400,1,1,0,0,22,10,378,2,400,0.21277499198913574,0,0,2,0
18,990749,2,ext_xiaoxiae_binary_v6_1,ext_xiaoxiae_binary_v6,0,400,1,1,0,1,19,7,44,0,58,0.07118368148803711,1,0,2,0
18,990749,3,ext_xiaoxiae_binary_v6_2,ext_xiaoxiae_binary_v6,1,400,4,4,0,0,33,10,385,0,400,0.19515037536621094,0,0,1,1
19,990750,0,user_agent,user_agent,0,400,5,0,1,0,6,5,248,5,266,0.0002918243408203125,1,1,2,0
19,990750,1,ext_xiaoxiae_binary_v6_0,ext_xiaoxiae_binary_v6,0,400,1,1,0,0,23,9,198,0,217,0.32858705520629883,1,1,4,0
19,990750,2,ext_xiaoxiae_binary_v6_1,ext_xiaoxiae_binary_v6,0,400,2,2,0,1,39,46,320,7,393,0.5354082584381104,1,0,3,0
19,990750,3,ext_xiaoxiae_binary_v6_2,ext_xiaoxiae_binary_v6,1,400,17,2,3,0,37,48,320,9,400,0.4453301429748535,0,0,1,1
20,990751,0,user_agent,user_agent,0,400,1,1,0,0,4,2,91,0,96,0.00012159347534179688,1,1,4,0
20,990751,1,ext_xiaoxiae_binary_v6_0,ext_xiaoxiae_binary_v6,0,400,2,2,0,0,23,11,81,2,103,0.1397707462310791,1,1,3,0
20,990751,2,ext_xiaoxiae_binary_v6_1,ext_xiaoxiae_binary_v6,1,400,15,5,2,0,76,43,321,2,400,0.5541410446166992,0,0,1,1
20,990751,3,ext_xiaoxiae_binary_v6_2,ext_xiaoxiae_binary_v6,0,400,6,1,1,1,18,20,137,2,177,0.21440672874450684,1,0,2,0
21,990752,0,user_agent,user_agent,1,400,1,1,0,0,3,3,395,0,400,0.0005114078521728516,0,0,3,0
21,990752,1,ext_xiaoxiae_binary_v6_0,ext_xiaoxiae_binary_v6,0,400,1,1,0,0,15,7,62,0,75,0.09642577171325684,1,1,3,0
21,990752,2,ext_xiaoxiae_binary_v6_1,ext_xiaoxiae_binary_v6,0,400,6,1,1,1,22,24,161,3,206,0.2616844177246094,1,0,2,0
21,990752,3,ext_xiaoxiae_binary_v6_2,ext_xiaoxiae_binary_v6,1,400,11,6,1,0,68,39,333,3,400,0.6210918426513672,0,0,1,1
22,990753,0,user_agent,user_agent,1,400,1,1,0,0,4,2,397,0,400,0.00040411949157714844,0,0,3,0
22,990753,1,ext_xiaoxiae_binary_v6_0,ext_xiaoxiae_binary_v6,0,400,2,2,0,1,29,10,66,1,89,0.1148993968963623,1,0,2,0
22,990753,2,ext_xiaoxiae_binary_v6_1,ext_xiaoxiae_binary_v6,0,400,1,1,0,0,21,37,238,1,293,0.3841426372528076,1,1,3,0
22,990753,3,ext_xiaoxiae_binary_v6_2,ext_xiaoxiae_binary_v6,1,400,7,2,1,0,34,37,331,2,400,0.4455089569091797,0,0,1,1
23,990754,0,user_agent,user_agent,0,400,0,0,0,0,3,2,27,4,101,0.00012540817260742188,1,1,3,0
23,990754,1,ext_xiaoxiae_binary_v6_0,ext_xiaoxiae_binary_v6,1,400,6,1,1,0,43,48,342,0,400,0.29671740531921387,0,0,1,1
23,990754,2,ext_xiaoxiae_binary_v6_1,ext_xiaoxiae_binary_v6,1,400,0,0,0,0,22,49,335,2,400,0.3058040142059326,0,0,3,0
23,990754,3,ext_xiaoxiae_binary_v6_2,ext_xiaoxiae_binary_v6,0,400,3,3,0,1,28,18,117,3,162,0.17689204216003418,1,0,2,0
24,990755,0,user_agent,user_agent,1,400,0,0,0,0,1,1,398,0,400,0.00035858154296875,0,0,3,0
24,990755,1,ext_xiaoxiae_binary_v6_0,ext_xiaoxiae_binary_v6,0,400,2,2,0,0,18,8,95,0,116,0.1470017433166504,1,1,2,0
24,990755,2,ext_xiaoxiae_binary_v6_1,ext_xiaoxiae_binary_v6,0,400,0,0,0,1,21,8,87,0,106,0.14527249336242676,1,0,3,0
24,990755,3,ext_xiaoxiae_binary_v6_2,ext_xiaoxiae_binary_v6,1,400,11,6,1,0,62,24,362,0,400,0.49885034561157227,0,0,1,1
25,990756,0,user_agent,user_agent,0,400,1,1,0,1,15,11,162,8,200,0.0002181529998779297,1,0,1,1
25,990756,1,ext_xiaoxiae_binary_v6_0,ext_xiaoxiae_binary_v6,0,400,1,1,0,1,23,16,123,2,155,0.18383073806762695,1,0,1,1
25,990756,2,ext_xiaoxiae_binary_v6_1,ext_xiaoxiae_binary_v6,1,400,1,1,0,0,23,44,330,4,400,0.5506606101989746,0,0,1,1
25,990756,3,ext_xiaoxiae_binary_v6_2,ext_xiaoxiae_binary_v6,1,400,0,0,0,0,28,42,329,4,400,0.5301811695098877,0,0,4,0
26,990757,0,user_agent,user_agent,0,400,1,1,0,0,5,3,56,3,64,7.128715515136719e-05,1,1,4,0
26,990757,1,ext_xiaoxiae_binary_v6_0,ext_xiaoxiae_binary_v6,1,400,7,7,0,0,57,42,299,3,400,0.5655393600463867,0,0,2,0
26,990757,2,ext_xiaoxiae_binary_v6_1,ext_xiaoxiae_binary_v6,0,400,6,1,1,1,32,16,97,2,135,0.1415095329284668,1,0,3,0
26,990757,3,ext_xiaoxiae_binary_v6_2,ext_xiaoxiae_binary_v6,0,400,10,0,2,1,30,16,99,2,135,0.16823363304138184,1,0,1,1
27,990758,0,user_agent,user_agent,1,400,0,0,0,0,4,2,396,0,400,0.0003414154052734375,0,0,4,0
27,990758,1,ext_xiaoxiae_binary_v6_0,ext_xiaoxiae_binary_v6,1,400,3,3,0,0,52,23,366,1,400,0.40853428840637207,0,0,2,0
27,990758,2,ext_xiaoxiae_binary_v6_1,ext_xiaoxiae_binary_v6,0,400,9,4,1,1,31,15,109,5,149,0.19394540786743164,1,0,1,1
27,990758,3,ext_xiaoxiae_binary_v6_2,ext_xiaoxiae_binary_v6,0,400,1,1,0,0,21,11,77,4,101,0.12679362297058105,1,1,3,0
28,990759,0,user_agent,user_agent,0,400,1,1,0,0,2,1,25,2,222,0.00022292137145996094,1,1,4,0
28,990759,1,ext_xiaoxiae_binary_v6_0,ext_xiaoxiae_binary_v6,0,400,4,4,0,1,42,21,135,3,180,0.27219080924987793,1,0,2,0
28,990759,2,ext_xiaoxiae_binary_v6_1,ext_xiaoxiae_binary_v6,0,400,2,2,0,0,15,5,45,0,67,0.08439445495605469,1,1,3,0
28,990759,3,ext_xiaoxiae_binary_v6_2,ext_xiaoxiae_binary_v6,1,400,17,2,3,0,63,48,287,2,400,0.5241484642028809,0,0,1,1
29,990760,0,user_agent,user_agent,1,400,0,0,0,0,5,3,351,44,400,0.00032329559326171875,0,0,4,0
29,990760,1,ext_xiaoxiae_binary_v6_0,ext_xiaoxiae_binary_v6,1,400,1,1,0,0,24,42,323,3,400,0.3074193000793457,0,0,2,0
29,990760,2,ext_xiaoxiae_binary_v6_1,ext_xiaoxiae_binary_v6,0,400,1,1,0,1,21,14,103,1,130,0.17750763893127441,1,0,2,0
29,990760,3,ext_xiaoxiae_binary_v6_2,ext_xiaoxiae_binary_v6,0,400,4,4,0,1,31,13,115,0,136,0.2032468318939209,1,0,1,1
30,990761,0,user_agent,user_agent,0,400,0,0,0,0,3,2,27,4,186,0.00019669532775878906,1,1,4,0
30,990761,1,ext_xiaoxiae_binary_v6_0,ext_xiaoxiae_binary_v6,0,400,1,1,0,1,21,11,67,2,96,0.10936212539672852,1,0,2,0
30,990761,2,ext_xiaoxiae_binary_v6_1,ext_xiaoxiae_binary_v6,0,400,1,1,0,1,32,17,106,2,142,0.16704058647155762,1,0,2,0
30,990761,3,ext_xiaoxiae_binary_v6_2,ext_xiaoxiae_binary_v6,1,400,12,7,1,0,65,45,291,0,400,0.44724202156066895,0,0,1,1
31,990762,0,user_agent,user_agent,0,400,1,1,0,1,8,8,154,5,183,0.0002601146697998047,1,0,4,0
31,990762,1,ext_xiaoxiae_binary_v6_0,ext_xiaoxiae_binary_v6,0,400,2,2,0,1,30,10,67,1,90,0.12374424934387207,1,0,2,0
31,990762,2,ext_xiaoxiae_binary_v6_1,ext_xiaoxiae_binary_v6,1,400,9,4,1,0,64,45,283,0,400,0.5555305480957031,0,0,1,1
31,990762,3,ext_xiaoxiae_binary_v6_2,ext_xiaoxiae_binary_v6,0,400,2,2,0,1,20,16,118,0,141,0.15414690971374512,1,0,2,0
32,990763,0,user_agent,user_agent,1,400,2,2,0,0,9,4,395,0,400,0.0003459453582763672,0,0,3,0
32,990763,1,ext_xiaoxiae_binary_v6_0,ext_xiaoxiae_binary_v6,0,400,1,1,0,0,20,16,110,1,140,0.17553257942199707,1,1,4,0
32,990763,2,ext_xiaoxiae_binary_v6_1,ext_xiaoxiae_binary_v6,0,400,8,3,1,1,45,21,147,1,182,0.2737104892730713,1,0,1,1
32,990763,3,ext_xiaoxiae_binary_v6_2,ext_xiaoxiae_binary_v6,1,400,5,0,1,0,13,6,387,0,400,0.4432220458984375,0,0,2,0
33,990764,0,user_agent,user_agent,0,400,0,0,0,0,3,2,40,3,48,6.341934204101562e-05,1,1,4,0
33,990764,1,ext_xiaoxiae_binary_v6_0,ext_xiaoxiae_binary_v6,1,400,2,2,0,0,22,46,323,7,400,0.49916958808898926,0,0,3,0
33,990764,2,ext_xiaoxiae_binary_v6_1,ext_xiaoxiae_binary_v6,0,400,3,3,0,1,44,16,125,1,153,0.2451190948486328,1,0,2,0
33,990764,3,ext_xiaoxiae_binary_v6_2,ext_xiaoxiae_binary_v6,1,400,8,3,1,0,28,46,324,8,400,0.46856236457824707,0,0,1,1
34,990765,0,user_agent,user_agent,1,400,0,0,0,0,3,2,396,0,400,0.0003495216369628906,0,0,4,0
34,990765,1,ext_xiaoxiae_binary_v6_0,ext_xiaoxiae_binary_v6,1,400,1,1,0,0,19,47,325,1,400,0.25338006019592285,0,0,1,1
34,990765,2,ext_xiaoxiae_binary_v6_1,ext_xiaoxiae_binary_v6,0,400,1,1,0,1,14,5,27,0,42,0.03823494911193848,1,0,1,1
34,990765,3,ext_xiaoxiae_binary_v6_2,ext_xiaoxiae_binary_v6,1,400,1,1,0,0,20,46,320,2,400,0.2645895481109619,0,0,1,1
35,990766,0,user_agent,user_agent,0,400,0,0,0,0,6,5,115,9,134,0.00014638900756835938,1,1,4,0
35,990766,1,ext_xiaoxiae_binary_v6_0,ext_xiaoxiae_binary_v6,1,400,3,3,0,0,40,48,318,2,400,0.39411187171936035,0,0,2,0
35,990766,2,ext_xiaoxiae_binary_v6_1,ext_xiaoxiae_binary_v6,1,400,9,4,1,0,30,48,328,3,400,0.3933086395263672,0,0,1,1
35,990766,3,ext_xiaoxiae_binary_v6_2,ext_xiaoxiae_binary_v6,0,400,2,2,0,1,15,13,105,3,129,0.17127633094787598,1,0,3,0
36,990767,0,user_agent,user_agent,0,400,2,2,0,0,4,3,135,7,157,0.00019025802612304688,1,1,2,0
36,990767,1,ext_xiaoxiae_binary_v6_0,ext_xiaoxiae_binary_v6,1,400,7,2,1,0,33,48,314,5,400,0.5647299289703369,0,0,1,1
36,990767,2,ext_xiaoxiae_binary_v6_1,ext_xiaoxiae_binary_v6,1,400,2,2,0,0,48,48,313,3,400,0.54752516746521,0,0,2,0
36,990767,3,ext_xiaoxiae_binary_v6_2,ext_xiaoxiae_binary_v6,0,400,2,2,0,1,21,12,86,2,110,0.14298629760742188,1,0,2,0
37,990768,0,user_agent,user_agent,1,400,1,1,0,0,3,2,398,0,400,0.00035572052001953125,0,0,3,0
37,990768,1,ext_xiaoxiae_binary_v6_0,ext_xiaoxiae_binary_v6,1,400,5,0,1,0,13,9,382,0,400,0.39609766006469727,0,0,1,1
37,990768,2,ext_xiaoxiae_binary_v6_1,ext_xiaoxiae_binary_v6,0,400,2,2,0,1,15,16,100,4,138,0.1525249481201172,1,0,2,0
37,990768,3,ext_xiaoxiae_binary_v6_2,ext_xiaoxiae_binary_v6,0,400,1,1,0,0,28,22,143,2,192,0.23340320587158203,1,1,3,0
38,990769,0,user_agent,user_agent,0,400,0,0,0,1,10,6,193,4,205,0.00019359588623046875,1,0,4,0
38,990769,1,ext_xiaoxiae_binary_v6_0,ext_xiaoxiae_binary_v6,0,400,7,2,1,0,16,8,82,2,101,0.1275620460510254,1,1,2,0
38,990769,2,ext_xiaoxiae_binary_v6_1,ext_xiaoxiae_binary_v6,0,400,2,2,0,0,16,8,66,0,84,0.09551262855529785,1,1,3,0
38,990769,3,ext_xiaoxiae_binary_v6_2,ext_xiaoxiae_binary_v6,1,400,15,5,2,0,83,43,313,0,400,0.5977156162261963,0,0,1,1
39,990770,0,user_agent,user_agent,0,400,1,1,0,0,3,1,155,5,162,0.00015926361083984375,1,1,4,0
39,990770,1,ext_xiaoxiae_binary_v6_0,ext_xiaoxiae_binary_v6,1,400,10,5,1,0,82,45,311,2,400,0.5180528163909912,0,0,1,1
39,990770,2,ext_xiaoxiae_binary_v6_1,ext_xiaoxiae_binary_v6,0,400,2,2,0,0,18,9,55,1,83,0.08014559745788574,1,1,3,0
39,990770,3,ext_xiaoxiae_binary_v6_2,ext_xiaoxiae_binary_v6,0,400,6,1,1,1,24,14,83,2,111,0.10604357719421387,1,0,2,0
40,990771,0,user_agent,user_agent,1,400,0,0,0,0,5,6,378,14,400,0.0004172325134277344,0,0,4,0
40,990771,1,ext_xiaoxiae_binary_v6_0,ext_xiaoxiae_binary_v6,0,400,3,3,0,1,18,12,89,3,113,0.14366388320922852,1,0,1,1
40,990771,2,ext_xiaoxiae_binary_v6_1,ext_xiaoxiae_binary_v6,1,400,2,2,0,0,39,49,313,4,400,0.4574594497680664,0,0,2,0
40,990771,3,ext_xiaoxiae_binary_v6_2,ext_xiaoxiae_binary_v6,1,400,2,2,0,0,42,48,327,2,400,0.47948431968688965,0,0,2,0
41,990772,0,user_agent,user_agent,1,400,0,0,0,0,0,0,400,0,400,0.0004265308380126953,0,0,4,0
41,990772,1,ext_xiaoxiae_binary_v6_0,ext_xiaoxiae_binary_v6,1,400,8,3,1,0,30,48,315,1,400,0.5983145236968994,0,0,1,1
41,990772,2,ext_xiaoxiae_binary_v6_1,ext_xiaoxiae_binary_v6,1,400,2,2,0,0,24,49,317,4,400,0.616534948348999,0,0,2,0
41,990772,3,ext_xiaoxiae_binary_v6_2,ext_xiaoxiae_binary_v6,0,400,2,2,0,0,27,10,95,0,114,0.17928051948547363,1,1,2,0
42,990773,0,user_agent,user_agent,1,400,0,0,0,0,5,4,393,2,400,0.00030612945556640625,0,0,3,0
42,990773,1,ext_xiaoxiae_binary_v6_0,ext_xiaoxiae_binary_v6,0,400,0,0,0,1,31,14,101,1,138,0.20941472053527832,1,0,3,0
42,990773,2,ext_xiaoxiae_binary_v6_1,ext_xiaoxiae_binary_v6,0,400,2,2,0,1,13,9,54,1,74,0.0865788459777832,1,0,1,1
42,990773,3,ext_xiaoxiae_binary_v6_2,ext_xiaoxiae_binary_v6,1,400,1,1,0,0,25,10,375,0,400,0.23015069961547852,0,0,2,0
43,990774,0,user_agent,user_agent,0,400,0,0,0,1,5,3,223,0,228,0.00024437904357910156,1,0,4,0
43,990774,1,ext_xiaoxiae_binary_v6_0,ext_xiaoxiae_binary_v6,0,400,1,1,0,1,15,11,72,4,96,0.11922121047973633,1,0,2,0
43,990774,2,ext_xiaoxiae_binary_v6_1,ext_xiaoxiae_binary_v6,0,400,1,1,0,1,29,22,166,1,198,0.3859579563140869,1,0,2,0
43,990774,3,ext_xiaoxiae_binary_v6_2,ext_xiaoxiae_binary_v6,1,400,12,7,1,0,81,41,332,2,400,0.5932254791259766,0,0,1,1
44,990775,0,user_agent,user_agent,1,400,0,0,0,0,5,2,241,60,400,0.0004520416259765625,0,0,4,0
44,990775,1,ext_xiaoxiae_binary_v6_0,ext_xiaoxiae_binary_v6,1,400,3,3,0,0,30,41,343,2,400,0.594855785369873,0,0,1,1
44,990775,2,ext_xiaoxiae_binary_v6_1,ext_xiaoxiae_binary_v6,1,400,3,3,0,0,14,42,353,0,400,0.3790421485900879,0,0,1,1
44,990775,3,ext_xiaoxiae_binary_v6_2,ext_xiaoxiae_binary_v6,1,400,1,1,0,0,33,42,334,2,400,0.46792006492614746,0,0,3,0
45,990776,0,user_agent,user_agent,1,400,0,0,0,0,6,18,361,18,400,0.0003025531768798828,0,0,4,0
45,990776,1,ext_xiaoxiae_binary_v6_0,ext_xiaoxiae_binary_v6,1,400,3,3,0,0,30,44,344,0,400,0.26741933822631836,0,0,2,0
45,990776,2,ext_xiaoxiae_binary_v6_1,ext_xiaoxiae_binary_v6,0,400,1,1,0,1,10,5,38,0,49,0.06422042846679688,1,0,3,0
45,990776,3,ext_xiaoxiae_binary_v6_2,ext_xiaoxiae_binary_v6,0,400,4,4,0,1,20,6,53,0,66,0.08592557907104492,1,0,1,1
46,990777,0,user_agent,user_agent,0,400,0,0,0,1,8,5,113,3,134,0.0001342296600341797,1,0,4,0
46,990777,1,ext_xiaoxiae_binary_v6_0,ext_xiaoxiae_binary_v6,1,400,10,0,2,0,24,16,372,0,400,0.23848700523376465,0,0,1,1
46,990777,2,ext_xiaoxiae_binary_v6_1,ext_xiaoxiae_binary_v6,0,400,1,1,0,1,7,3,22,1,32,0.03343367576599121,1,0,3,0
46,990777,3,ext_xiaoxiae_binary_v6_2,ext_xiaoxiae_binary_v6,1,400,6,6,0,0,46,14,377,0,400,0.3018672466278076,0,0,2,0
47,990778,0,user_agent,user_agent,0,400,0,0,0,0,4,4,34,6,121,0.0001380443572998047,1,1,4,0
47,990778,1,ext_xiaoxiae_binary_v6_0,ext_xiaoxiae_binary_v6,0,400,3,3,0,0,32,16,138,1,169,0.24283814430236816,1,1,2,0
47,990778,2,ext_xiaoxiae_binary_v6_1,ext_xiaoxiae_binary_v6,0,400,1,1,0,0,17,11,85,0,109,0.1342010498046875,1,1,3,0
47,990778,3,ext_xiaoxiae_binary_v6_2,ext_xiaoxiae_binary_v6,1,400,20,5,3,0,58,46,289,1,400,0.4825730323791504,0,0,1,1
48,990779,0,user_agent,user_agent,1,400,0,0,0,0,6,3,385,2,400,0.00036787986755371094,0,0,3,0
48,990779,1,ext_xiaoxiae_binary_v6_0,ext_xiaoxiae_binary_v6,1,400,0,0,0,0,22,56,338,0,400,0.24595141410827637,0,0,3,0
48,990779,2,ext_xiaoxiae_binary_v6_1,ext_xiaoxiae_binary_v6,1,400,3,3,0,0,43,14,377,1,400,0.26777172088623047,0,0,1,1
48,990779,3,ext_xiaoxiae_binary_v6_2,ext_xiaoxiae_binary_v6,1,400,2,2,0,0,19,55,336,1,400,0.22262835502624512,0,0,2,0
49,990780,0,user_agent,user_agent,0,400,0,0,0,0,0,0,59,3,119,0.0001316070556640625,1,1,4,0
49,990780,1,ext_xiaoxiae_binary_v6_0,ext_xiaoxiae_binary_v6,1,400,3,3,0,0,56,45,319,0,400,0.5576958656311035,0,0,2,0
49,990780,2,ext_xiaoxiae_binary_v6_1,ext_xiaoxiae_binary_v6,0,400,13,3,2,1,32,25,185,3,232,0.29026341438293457,1,0,1,1
49,990780,3,ext_xiaoxiae_binary_v6_2,ext_xiaoxiae_binary_v6,0,400,3,3,0,0,31,25,173,6,232,0.3024177551269531,1,1,2,0
50,990781,0,user_agent,user_agent,0,400,0,0,0,0,2,1,91,3,101,0.00011038780212402344,1,1,4,0
50,990781,1,ext_xiaoxiae_binary_v6_0,ext_xiaoxiae_binary_v6,1,400,5,0,1,0,30,39,347,0,400,0.20950007438659668,0,0,1,1
50,990781,2,ext_xiaoxiae_binary_v6_1,ext_xiaoxiae_binary_v6,1,400,3,3,0,0,22,38,350,0,400,0.2421417236328125,0,0,2,0
50,990781,3,ext_xiaoxiae_binary_v6_2,ext_xiaoxiae_binary_v6,0,400,2,2,0,1,22,11,64,1,88,0.11829233169555664,1,0,3,0
51,990782,0,user_agent,user_agent,1,400,0,0,0,0,6,21,355,20,400,0.00045418739318847656,0,0,4,0
51,990782,1,ext_xiaoxiae_binary_v6_0,ext_xiaoxiae_binary_v6,1,400,2,2,0,0,13,37,360,0,400,0.48662638664245605,0,0,2,0
51,990782,2,ext_xiaoxiae_binary_v6_1,ext_xiaoxiae_binary_v6,1,400,3,3,0,0,18,44,348,0,400,0.44159555435180664,0,0,1,1
51,990782,3,ext_xiaoxiae_binary_v6_2,ext_xiaoxiae_binary_v6,1,400,1,1,0,0,12,37,361,0,400,0.447284460067749,0,0,3,0
52,990783,0,user_agent,user_agent,0,400,0,0,0,0,2,2,26,5,101,0.00011944770812988281,1,1,4,0
52,990783,1,ext_xiaoxiae_binary_v6_0,ext_xiaoxiae_binary_v6,1,400,8,3,1,0,56,45,323,0,400,0.4355051517486572,0,0,2,0
52,990783,2,ext_xiaoxiae_binary_v6_1,ext_xiaoxiae_binary_v6,0,400,9,4,1,1,58,22,169,2,204,0.30692195892333984,1,0,1,1
52,990783,3,ext_xiaoxiae_binary_v6_2,ext_xiaoxiae_binary_v6,0,400,2,2,0,1,12,16,145,1,168,0.20342707633972168,1,0,3,0
53,990784,0,user_agent,user_agent,0,400,0,0,0,0,2,1,8,2,211,0.00021696090698242188,1,1,3,0
53,990784,1,ext_xiaoxiae_binary_v6_0,ext_xiaoxiae_binary_v6,0,400,2,2,0,0,23,18,130,1,165,0.19987225532531738,1,1,2,0
53,990784,2,ext_xiaoxiae_binary_v6_1,ext_xiaoxiae_binary_v6,1,400,17,7,2,0,75,44,313,3,400,0.5487630367279053,0,0,1,1
53,990784,3,ext_xiaoxiae_binary_v6_2,ext_xiaoxiae_binary_v6,0,400,0,0,0,1,23,13,83,2,107,0.10474658012390137,1,0,3,0
54,990785,0,user_agent,user_agent,0,400,0,0,0,0,2,1,95,6,106,0.00011968612670898438,1,1,4,0
54,990785,1,ext_xiaoxiae_binary_v6_0,ext_xiaoxiae_binary_v6,1,400,7,2,1,0,29,44,345,0,400,0.26258373260498047,0,0,2,0
54,990785,2,ext_xiaoxiae_binary_v6_1,ext_xiaoxiae_binary_v6,1,400,8,3,1,0,32,43,344,0,400,0.2660553455352783,0,0,1,1
54,990785,3,ext_xiaoxiae_binary_v6_2,ext_xiaoxiae_binary_v6,0,400,1,1,0,0,13,10,78,1,101,0.11193466186523438,1,1,3,0
55,990786,0,user_agent,user_agent,0,400,0,0,0,0,3,1,75,3,83,9.608268737792969e-05,1,1,4,0
55,990786,1,ext_xiaoxiae_binary_v6_0,ext_xiaoxiae_binary_v6,1,400,7,2,1,0,26,38,353,0,400,0.2084512710571289,0,0,1,1
55,990786,2,ext_xiaoxiae_binary_v6_1,ext_xiaoxiae_binary_v6,1,400,7,2,1,0,26,39,350,0,400,0.21715116500854492,0,0,1,1
55,990786,3,ext_xiaoxiae_binary_v6_2,ext_xiaoxiae_binary_v6,0,400,1,1,0,0,16,6,44,0,58,0.07239246368408203,1,1,3,0
56,990787,0,user_agent,user_agent,0,400,1,1,0,0,6,5,59,4,70,8.177757263183594e-05,1,1,3,0
56,990787,1,ext_xiaoxiae_binary_v6_0,ext_xiaoxiae_binary_v6,1,400,11,6,1,0,72,45,309,2,400,0.5539028644561768,0,0,1,1
56,990787,2,ext_xiaoxiae_binary_v6_1,ext_xiaoxiae_binary_v6,0,400,6,1,1,1,32,14,97,0,125,0.16297435760498047,1,0,2,0
56,990787,3,ext_xiaoxiae_binary_v6_2,ext_xiaoxiae_binary_v6,0,400,1,1,0,1,12,11,79,2,103,0.11964797973632812,1,0,3,0
57,990788,0,user_agent,user_agent,0,400,1,1,0,0,5,2,19,3,93,0.00010657310485839844,1,1,3,0
57,990788,1,ext_xiaoxiae_binary_v6_0,ext_xiaoxiae_binary_v6,1,400,4,4,0,0,40,45,299,6,400,0.5113186836242676,0,0,2,0
57,990788,2,ext_xiaoxiae_binary_v6_1,ext_xiaoxiae_binary_v6,0,400,13,3,2,1,58,28,211,3,260,0.3485841751098633,1,0,1,1
57,990788,3,ext_xiaoxiae_binary_v6_2,ext_xiaoxiae_binary_v6,0,400,1,1,0,0,22,26,176,3,234,0.29978251457214355,1,1,3,0
58,990789,0,user_agent,user_agent,1,400,1,1,0,0,3,1,398,0,400,0.0003597736358642578,0,0,3,0
58,990789,1,ext_xiaoxiae_binary_v6_0,ext_xiaoxiae_binary_v6,1,400,0,0,0,0,9,2,398,0,400,0.21546292304992676,0,0,4,0
58,990789,2,ext_xiaoxiae_binary_v6_1,ext_xiaoxiae_binary_v6,1,400,3,3,0,0,15,7,383,0,400,0.17126202583312988,0,0,1,1
58,990789,3,ext_xiaoxiae_binary_v6_2,ext_xiaoxiae_binary_v6,1,400,2,2,0,0,19,7,386,0,400,0.1626567840576172,0,0,2,0
59,990790,0,user_agent,user_agent,1,400,1,1,0,0,6,2,396,0,400,0.00041484832763671875,0,0,4,0
59,990790,1,ext_xiaoxiae_binary_v6_0,ext_xiaoxiae_binary_v6,1,400,7,2,1,0,27,47,333,2,400,0.4527473449707031,0,0,1,1
59,990790,2,ext_xiaoxiae_binary_v6_1,ext_xiaoxiae_binary_v6,0,400,3,3,0,0,31,14,101,1,129,0.2041783332824707,1,1,2,0
59,990790,3,ext_xiaoxiae_binary_v6_2,ext_xiaoxiae_binary_v6,1,400,2,2,0,0,29,48,303,4,400,0.3612227439880371,0,0,3,0
60,990791,0,user_agent,user_agent,1,400,0,0,0,0,1,2,397,0,400,0.0004885196685791016,0,0,4,0
60,990791,1,ext_xiaoxiae_binary_v6_0,ext_xiaoxiae_binary_v6,0,400,3,3,0,1,27,31,239,5,290,0.4184913635253906,1,0,1,1
60,990791,2,ext_xiaoxiae_binary_v6_1,ext_xiaoxiae_binary_v6,0,400,1,1,0,1,29,37,234,11,312,0.4174044132232666,1,0,3,0
60,990791,3,ext_xiaoxiae_binary_v6_2,ext_xiaoxiae_binary_v6,1,400,3,3,0,0,44,43,330,7,400,0.6453979015350342,0,0,1,1
61,990792,0,user_agent,user_agent,1,400,1,1,0,0,2,1,399,0,400,0.0003154277801513672,0,0,2,0
61,990792,1,ext_xiaoxiae_binary_v6_0,ext_xiaoxiae_binary_v6,1,400,1,1,0,0,28,11,380,0,400,0.18312764167785645,0,0,2,0
61,990792,2,ext_xiaoxiae_binary_v6_1,ext_xiaoxiae_binary_v6,0,400,1,1,0,1,13,7,44,0,60,0.06372237205505371,1,0,2,0
61,990792,3,ext_xiaoxiae_binary_v6_2,ext_xiaoxiae_binary_v6,1,400,7,2,1,0,12,9,382,1,400,0.17539477348327637,0,0,1,1
62,990793,0,user_agent,user_agent,1,400,0,0,0,0,2,1,399,0,400,0.0003426074981689453,0,0,3,0
62,990793,1,ext_xiaoxiae_binary_v6_0,ext_xiaoxiae_binary_v6,1,400,2,2,0,0,16,7,383,1,400,0.16753745079040527,0,0,1,1
62,990793,2,ext_xiaoxiae_binary_v6_1,ext_xiaoxiae_binary_v6,1,400,1,1,0,0,20,6,381,0,400,0.16306495666503906,0,0,2,0
62,990793,3,ext_xiaoxiae_binary_v6_2,ext_xiaoxiae_binary_v6,1,400,0,0,0,0,15,7,384,0,400,0.13916945457458496,0,0,3,0
63,990794,0,user_agent,user_agent,1,400,1,1,0,0,12,16,368,12,400,0.00035190582275390625,0,0,4,0
63,990794,1,ext_xiaoxiae_binary_v6_0,ext_xiaoxiae_binary_v6,0,400,2,2,0,0,17,10,72,0,94,0.1066277027130127,1,1,2,0
63,990794,2,ext_xiaoxiae_binary_v6_1,ext_xiaoxiae_binary_v6,1,400,12,2,2,0,45,42,342,0,400,0.45572400093078613,0,0,1,1
63,990794,3,ext_xiaoxiae_binary_v6_2,ext_xiaoxiae_binary_v6,0,400,2,2,0,0,20,11,88,0,111,0.16108036041259766,1,1,2,0
64,990795,0,user_agent,user_agent,1,400,0,0,0,0,8,5,390,3,400,0.0003662109375,0,0,4,0
64,990795,1,ext_xiaoxiae_binary_v6_0,ext_xiaoxiae_binary_v6,0,400,3,3,0,1,25,10,69,3,91,0.10871767997741699,1,0,2,0
64,990795,2,ext_xiaoxiae_binary_v6_1,ext_xiaoxiae_binary_v6,1,400,10,5,1,0,63,30,356,1,400,0.6280529499053955,0,0,1,1
64,990795,3,ext_xiaoxiae_binary_v6_2,ext_xiaoxiae_binary_v6,0,400,1,1,0,0,18,11,102,2,124,0.17856526374816895,1,1,3,0
65,990796,0,user_agent,user_agent,1,400,0,0,0,0,6,2,396,0,400,0.00034117698669433594,0,0,4,0
65,990796,1,ext_xiaoxiae_binary_v6_0,ext_xiaoxiae_binary_v6,0,400,7,2,1,1,36,14,109,2,139,0.20554733276367188,1,0,2,0
65,990796,2,ext_xiaoxiae_binary_v6_1,ext_xiaoxiae_binary_v6,0,400,3,3,0,0,26,12,103,3,139,0.2099308967590332,1,1,3,0
65,990796,3,ext_xiaoxiae_binary_v6_2,ext_xiaoxiae_binary_v6,1,400,8,3,1,0,44,20,367,2,400,0.36333465576171875,0,0,1,1
66,990797,0,user_agent,user_agent,0,400,0,0,0,0,7,4,113,1,122,0.00013113021850585938,1,1,4,0
66,990797,1,ext_xiaoxiae_binary_v6_0,ext_xiaoxiae_binary_v6,1,400,2,2,0,0,12,47,291,4,400,0.495067834854126,0,0,2,0
66,990797,2,ext_xiaoxiae_binary_v6_1,ext_xiaoxiae_binary_v6,0,400,2,2,0,1,27,21,157,2,198,0.23906826972961426,1,0,2,0
66,990797,3,ext_xiaoxiae_binary_v6_2,ext_xiaoxiae_binary_v6,1,400,8,3,1,0,52,49,333,0,400,0.5637235641479492,0,0,1,1
67,990798,0,user_agent,user_agent,0,400,6,1,1,0,18,9,114,8,141,0.00015234947204589844,1,1,2,0
67,990798,1,ext_xiaoxiae_binary_v6_0,ext_xiaoxiae_binary_v6,0,400,1,1,0,1,16,5,31,1,42,0.04895949363708496,1,0,3,0
67,990798,2,ext_xiaoxiae_binary_v6_1,ext_xiaoxiae_binary_v6,0,400,1,1,0,0,27,12,81,0,107,0.12761211395263672,1,1,3,0
67,990798,3,ext_xiaoxiae_binary_v6_2,ext_xiaoxiae_binary_v6,1,400,16,6,2,0,58,44,293,0,400,0.5259997844696045,0,0,1,1
68,990799,0,user_agent,user_agent,1,400,0,0,0,0,6,3,394,0,400,0.00034737586975097656,0,0,4,0
68,990799,1,ext_xiaoxiae_binary_v6_0,ext_xiaoxiae_binary_v6,1,400,4,4,0,0,21,6,392,0,400,0.20792269706726074,0,0,1,1
68,990799,2,ext_xiaoxiae_binary_v6_1,ext_xiaoxiae_binary_v6,1,400,1,1,0,0,14,41,310,0,400,0.14081335067749023,0,0,2,0
68,990799,3,ext_xiaoxiae_binary_v6_2,ext_xiaoxiae_binary_v6,1,400,1,1,0,0,9,40,321,0,400,0.1742546558380127,0,0,2,0
69,990800,0,user_agent,user_agent,0,400,2,2,0,1,6,4,66,0,74,8.559226989746094e-05,1,0,3,0
69,990800,1,ext_xiaoxiae_binary_v6_0,ext_xiaoxiae_binary_v6,1,400,0,0,0,0,26,39,333,8,400,0.2816336154937744,0,0,4,0
69,990800,2,ext_xiaoxiae_binary_v6_1,ext_xiaoxiae_binary_v6,0,400,8,3,1,1,24,17,112,2,147,0.1482691764831543,1,0,1,1
69,990800,3,ext_xiaoxiae_binary_v6_2,ext_xiaoxiae_binary_v6,1,400,4,4,0,0,27,39,342,6,400,0.3061983585357666,0,0,2,0
70,990801,0,user_agent,user_agent,1,400,1,1,0,0,3,1,398,0,400,0.00042057037353515625,0,0,4,0
70,990801,1,ext_xiaoxiae_binary_v6_0,ext_xiaoxiae_binary_v6,0,400,3,3,0,0,22,8,71,4,91,0.13531708717346191,1,1,3,0
70,990801,2,ext_xiaoxiae_binary_v6_1,ext_xiaoxiae_binary_v6,0,400,5,0,1,1,23,28,220,5,271,0.33889245986938477,1,0,1,1
70,990801,3,ext_xiaoxiae_binary_v6_2,ext_xiaoxiae_binary_v6,1,400,4,4,0,0,48,37,347,5,400,0.7019085884094238,0,0,2,0
71,990802,0,user_agent,user_agent,0,400,1,1,0,0,10,4,59,18,86,8.940696716308594e-05,1,1,2,0
71,990802,1,ext_xiaoxiae_binary_v6_0,ext_xiaoxiae_binary_v6,1,400,1,1,0,0,22,46,341,0,400,0.265491247177124,0,0,2,0
71,990802,2,ext_xiaoxiae_binary_v6_1,ext_xiaoxiae_binary_v6,0,400,7,2,1,1,39,16,129,0,154,0.18836402893066406,1,0,1,1
71,990802,3,ext_xiaoxiae_binary_v6_2,ext_xiaoxiae_binary_v6,1,400,0,0,0,0,18,47,338,1,400,0.28731679916381836,0,0,4,0
72,990803,0,user_agent,user_agent,0,400,0,0,0,0,2,1,251,2,255,0.0002262592315673828,1,1,4,0
72,990803,1,ext_xiaoxiae_binary_v6_0,ext_xiaoxiae_binary_v6,1,400,16,6,2,0,86,44,279,2,400,0.6068859100341797,0,0,1,1
72,990803,2,ext_xiaoxiae_binary_v6_1,ext_xiaoxiae_binary_v6,0,400,1,1,0,1,20,10,70,1,95,0.13230347633361816,1,0,3,0
72,990803,3,ext_xiaoxiae_binary_v6_2,ext_xiaoxiae_binary_v6,0,400,2,2,0,0,15,7,59,0,73,0.08101487159729004,1,1,2,0
73,990804,0,user_agent,user_agent,0,400,2,2,0,0,14,6,114,3,129,0.00015616416931152344,1,1,3,0
73,990804,1,ext_xiaoxiae_binary_v6_0,ext_xiaoxiae_binary_v6,0,400,1,1,0,0,17,10,124,2,146,0.2039356231689453,1,1,4,0
73,990804,2,ext_xiaoxiae_binary_v6_1,ext_xiaoxiae_binary_v6,1,400,5,0,1,0,17,33,360,0,400,0.25969362258911133,0,0,2,0
73,990804,3,ext_xiaoxiae_binary_v6_2,ext_xiaoxiae_binary_v6,1,400,13,3,2,0,31,37,354,0,400,0.28249597549438477,0,0,1,1
74,990805,0,user_agent,user_agent,0,400,0,0,0,0,3,2,22,2,187,0.00017786026000976562,1,1,4,0
74,990805,1,ext_xiaoxiae_binary_v6_0,ext_xiaoxiae_binary_v6,0,400,5,0,1,1,22,9,62,1,83,0.10816788673400879,1,0,2,0
74,990805,2,ext_xiaoxiae_binary_v6_1,ext_xiaoxiae_binary_v6,1,400,18,8,2,0,93,46,293,0,400,0.5424480438232422,0,0,1,1
74,990805,3,ext_xiaoxiae_binary_v6_2,ext_xiaoxiae_binary_v6,0,400,1,1,0,0,10,4,26,1,42,0.03621029853820801,1,1,3,0
75,990806,0,user_agent,user_agent,1,400,0,0,0,0,3,20,375,2,400,0.0003573894500732422,0,0,3,0
75,990806,1,ext_xiaoxiae_binary_v6_0,ext_xiaoxiae_binary_v6,0,400,0,0,0,1,21,14,85,0,112,0.14540719985961914,1,0,3,0
75,990806,2,ext_xiaoxiae_binary_v6_1,ext_xiaoxiae_binary_v6,0,400,3,3,0,1,37,17,137,0,170,0.26480937004089355,1,0,1,1
75,990806,3,ext_xiaoxiae_binary_v6_2,ext_xiaoxiae_binary_v6,1,400,1,1,0,0,24,43,336,4,400,0.33013033866882324,0,0,2,0
76,990807,0,user_agent,user_agent,0,400,1,1,0,0,7,4,65,3,75,8.940696716308594e-05,1,1,3,0
76,990807,1,ext_xiaoxiae_binary_v6_0,ext_xiaoxiae_binary_v6,1,400,9,4,1,0,54,46,314,1,400,0.5211126804351807,0,0,1,1
76,990807,2,ext_xiaoxiae_binary_v6_1,ext_xiaoxiae_binary_v6,0,400,9,4,1,1,31,17,144,1,180,0.23775672912597656,1,0,1,1
76,990807,3,ext_xiaoxiae_binary_v6_2,ext_xiaoxiae_binary_v6,0,400,0,0,0,1,28,17,121,1,148,0.19709014892578125,1,0,4,0
77,990808,0,user_agent,user_agent,1,400,0,0,0,0,1,1,6,0,400,0.0003504753112792969,0,0,4,0
77,990808,1,ext_xiaoxiae_binary_v6_0,ext_xiaoxiae_binary_v6,1,400,1,1,0,0,16,44,343,0,400,0.20959115028381348,0,0,1,1
77,990808,2,ext_xiaoxiae_binary_v6_1,ext_xiaoxiae_binary_v6,1,400,1,1,0,0,21,45,348,0,400,0.18525958061218262,0,0,1,1
77,990808,3,ext_xiaoxiae_binary_v6_2,ext_xiaoxiae_binary_v6,0,400,1,1,0,1,29,8,46,0,64,0.08798909187316895,1,0,1,1
78,990809,0,user_agent,user_agent,1,400,0,0,0,0,5,2,396,0,400,0.0003561973571777344,0,0,3,0
78,990809,1,ext_xiaoxiae_binary_v6_0,ext_xiaoxiae_binary_v6,1,400,2,2,0,0,16,45,348,0,400,0.20624160766601562,0,0,2,0
78,990809,2,ext_xiaoxiae_binary_v6_1,ext_xiaoxiae_binary_v6,1,400,4,4,0,0,41,10,381,0,400,0.27322840690612793,0,0,1,1
78,990809,3,ext_xiaoxiae_binary_v6_2,ext_xiaoxiae_binary_v6,1,400,0,0,0,0,24,46,345,0,400,0.2237720489501953,0,0,3,0
79,990810,0,user_agent,user_agent,0,400,0,0,0,0,2,1,269,2,273,0.0002815723419189453,1,1,4,0
79,990810,1,ext_xiaoxiae_binary_v6_0,ext_xiaoxiae_binary_v6,1,400,11,6,1,0,75,46,293,4,400,0.6291239261627197,0,0,1,1
79,990810,2,ext_xiaoxiae_binary_v6_1,ext_xiaoxiae_binary_v6,0,400,2,2,0,1,12,14,113,3,141,0.17771673202514648,1,0,2,0
79,990810,3,ext_xiaoxiae_binary_v6_2,ext_xiaoxiae_binary_v6,0,400,1,1,0,1,19,14,102,0,132,0.1732935905456543,1,0,3,0
80,990811,0,user_agent,user_agent,1,400,2,2,0,0,4,2,376,11,400,0.00034928321838378906,0,0,2,0
80,990811,1,ext_xiaoxiae_binary_v6_0,ext_xiaoxiae_binary_v6,1,400,6,1,1,0,39,22,359,2,400,0.3662879467010498,0,0,1,1
80,990811,2,ext_xiaoxiae_binary_v6_1,ext_xiaoxiae_binary_v6,0,400,2,2,0,1,33,23,177,1,212,0.2670888900756836,1,0,2,0
80,990811,3,ext_xiaoxiae_binary_v6_2,ext_xiaoxiae_binary_v6,0,400,1,1,0,0,10,7,52,1,69,0.07570528984069824,1,1,4,0
81,990812,0,user_agent,user_agent,1,400,0,0,0,0,3,2,397,0,400,0.0003731250762939453,0,0,4,0
81,990812,1,ext_xiaoxiae_binary_v6_0,ext_xiaoxiae_binary_v6,1,400,13,3,2,0,43,29,355,3,400,0.43210315704345703,0,0,1,1
81,990812,2,ext_xiaoxiae_binary_v6_1,ext_xiaoxiae_binary_v6,0,400,1,1,0,1,8,5,34,1,46,0.04613924026489258,1,0,3,0
81,990812,3,ext_xiaoxiae_binary_v6_2,ext_xiaoxiae_binary_v6,0,400,2,2,0,1,30,20,193,5,236,0.44683337211608887,1,0,2,0
82,990813,0,user_agent,user_agent,1,400,0,0,0,0,3,3,395,0,400,0.0003223419189453125,0,0,4,0
82,990813,1,ext_xiaoxiae_binary_v6_0,ext_xiaoxiae_binary_v6,1,400,6,1,1,0,31,15,370,0,400,0.25046586990356445,0,0,1,1
82,990813,2,ext_xiaoxiae_binary_v6_1,ext_xiaoxiae_binary_v6,0,400,1,1,0,1,25,16,109,1,144,0.17967844009399414,1,0,3,0
82,990813,3,ext_xiaoxiae_binary_v6_2,ext_xiaoxiae_binary_v6,0,400,4,4,0,0,22,13,117,1,138,0.18163132667541504,1,1,2,0
83,990814,0,user_agent,user_agent,1,400,0,0,0,0,6,3,396,0,400,0.00034308433532714844,0,0,4,0
83,990814,1,ext_xiaoxiae_binary_v6_0,ext_xiaoxiae_binary_v6,1,400,2,2,0,0,19,41,316,4,400,0.2402660846710205,0,0,1,1
83,990814,2,ext_xiaoxiae_binary_v6_1,ext_xiaoxiae_binary_v6,0,400,2,2,0,1,19,7,62,2,79,0.11038780212402344,1,0,1,1
83,990814,3,ext_xiaoxiae_binary_v6_2,ext_xiaoxiae_binary_v6,1,400,1,1,0,0,22,43,309,2,400,0.2134871482849121,0,0,3,0
84,990815,0,user_agent,user_agent,0,400,1,1,0,0,5,2,107,5,119,0.0001380443572998047,1,1,3,0
84,990815,1,ext_xiaoxiae_binary_v6_0,ext_xiaoxiae_binary_v6,0,400,4,4,0,1,22,9,71,1,88,0.10953593254089355,1,0,2,0
84,990815,2,ext_xiaoxiae_binary_v6_1,ext_xiaoxiae_binary_v6,1,400,5,0,1,0,26,16,372,0,400,0.21753883361816406,0,0,1,1
84,990815,3,ext_xiaoxiae_binary_v6_2,ext_xiaoxiae_binary_v6,1,400,1,1,0,0,30,16,377,0,400,0.2353503704071045,0,0,3,0
85,990816,0,user_agent,user_agent,0,400,1,1,0,0,6,2,181,3,190,0.0001823902130126953,1,1,3,0
85,990816,1,ext_xiaoxiae_binary_v6_0,ext_xiaoxiae_binary_v6,0,400,0,0,0,1,18,7,31,1,50,0.044091224670410156,1,0,4,0
85,990816,2,ext_xiaoxiae_binary_v6_1,ext_xiaoxiae_binary_v6,1,400,15,5,2,0,72,47,281,0,400,0.5066335201263428,0,0,1,1
85,990816,3,ext_xiaoxiae_binary_v6_2,ext_xiaoxiae_binary_v6,0,400,3,3,0,1,31,13,77,2,111,0.14264774322509766,1,0,2,0
86,990817,0,user_agent,user_agent,1,400,2,2,0,0,6,2,393,1,400,0.00033020973205566406,0,0,1,1
86,990817,1,ext_xiaoxiae_binary_v6_0,ext_xiaoxiae_binary_v6,1,400,0,0,0,0,15,7,387,0,400,0.17086005210876465,0,0,4,0
86,990817,2,ext_xiaoxiae_binary_v6_1,ext_xiaoxiae_binary_v6,1,400,1,1,0,0,21,7,386,0,400,0.16968202590942383,0,0,3,0
86,990817,3,ext_xiaoxiae_binary_v6_2,ext_xiaoxiae_binary_v6,0,400,2,2,0,1,23,8,55,1,72,0.08373808860778809,1,0,1,1
87,990818,0,user_agent,user_agent,1,400,0,0,0,0,5,2,396,0,400,0.00034809112548828125,0,0,3,0
87,990818,1,ext_xiaoxiae_binary_v6_0,ext_xiaoxiae_binary_v6,0,400,0,0,0,0,19,18,118,6,162,0.20279240608215332,1,1,3,0
87,990818,2,ext_xiaoxiae_binary_v6_1,ext_xiaoxiae_binary_v6,1,400,10,5,1,0,44,25,362,0,400,0.3420257568359375,0,0,1,1
87,990818,3,ext_xiaoxiae_binary_v6_2,ext_xiaoxiae_binary_v6,0,400,1,1,0,1,16,10,63,2,86,0.08601832389831543,1,0,2,0
88,990819,0,user_agent,user_agent,0,400,0,0,0,0,4,6,113,10,132,0.00014138221740722656,1,1,4,0
88,990819,1,ext_xiaoxiae_binary_v6_0,ext_xiaoxiae_binary_v6,1,400,7,2,1,0,17,50,306,16,400,0.3289337158203125,0,0,1,1
88,990819,2,ext_xiaoxiae_binary_v6_1,ext_xiaoxiae_binary_v6,1,400,4,4,0,0,43,49,299,13,400,0.38944482803344727,0,0,2,0
88,990819,3,ext_xiaoxiae_binary_v6_2,ext_xiaoxiae_binary_v6,0,400,1,1,0,1,23,9,52,1,72,0.08509469032287598,1,0,3,0
89,990820,0,user_agent,user_agent,0,400,0,0,0,0,5,2,131,2,145,0.00016450881958007812,1,1,4,0
89,990820,1,ext_xiaoxiae_binary_v6_0,ext_xiaoxiae_binary_v6,1,400,6,1,1,0,22,35,357,0,400,0.30040431022644043,0,0,1,1
89,990820,2,ext_xiaoxiae_binary_v6_1,ext_xiaoxiae_binary_v6,1,400,6,1,1,0,22,43,341,0,400,0.257739782333374,0,0,1,1
89,990820,3,ext_xiaoxiae_binary_v6_2,ext_xiaoxiae_binary_v6,0,400,2,2,0,0,19,12,86,1,110,0.10335803031921387,1,1,3,0
90,990821,0,user_agent,user_agent,0,400,0,0,0,0,5,2,195,3,210,0.00025653839111328125,1,1,4,0
90,990821,1,ext_xiaoxiae_binary_v6_0,ext_xiaoxiae_binary_v6,1,400,16,6,2,0,80,49,299,2,400,0.46402525901794434,0,0,1,1
90,990821,2,ext_xiaoxiae_binary_v6_1,ext_xiaoxiae_binary_v6,0,400,2,2,0,1,23,14,107,2,128,0.1627519130706787,1,0,2,0
90,990821,3,ext_xiaoxiae_binary_v6_2,ext_xiaoxiae_binary_v6,0,400,1,1,0,0,20,8,52,2,74,0.08460879325866699,1,1,3,0
91,990822,0,user_agent,user_agent,0,400,0,0,0,0,3,2,58,5,122,0.00020623207092285156,1,1,3,0
91,990822,1,ext_xiaoxiae_binary_v6_0,ext_xiaoxiae_binary_v6,0,400,2,2,0,1,16,8,65,1,88,0.11402153968811035,1,0,2,0
91,990822,2,ext_xiaoxiae_binary_v6_1,ext_xiaoxiae_binary_v6,1,400,17,7,2,0,82,47,309,13,400,0.4873042106628418,0,0,1,1
91,990822,3,ext_xiaoxiae_binary_v6_2,ext_xiaoxiae_binary_v6,0,400,0,0,0,1,19,37,231,7,307,0.3100607395172119,1,0,3,0
92,990823,0,user_agent,user_agent,0,400,1,1,0,0,7,4,79,3,91,0.00010347366333007812,1,1,4,0
92,990823,1,ext_xiaoxiae_binary_v6_0,ext_xiaoxiae_binary_v6,1,400,3,3,0,0,28,49,321,8,400,0.5635743141174316,0,0,2,0
92,990823,2,ext_xiaoxiae_binary_v6_1,ext_xiaoxiae_binary_v6,1,400,2,2,0,0,29,47,312,11,400,0.5598397254943848,0,0,3,0
92,990823,3,ext_xiaoxiae_binary_v6_2,ext_xiaoxiae_binary_v6,0,400,7,2,1,1,34,19,152,2,190,0.2913069725036621,1,0,1,1
93,990824,0,user_agent,user_agent,1,400,0,0,0,0,4,2,397,0,400,0.0004208087921142578,0,0,4,0
93,990824,1,ext_xiaoxiae_binary_v6_0,ext_xiaoxiae_binary_v6,1,400,8,3,1,0,58,42,332,2,400,0.6759145259857178,0,0,1,1
93,990824,2,ext_xiaoxiae_binary_v6_1,ext_xiaoxiae_binary_v6,0,400,4,4,0,1,28,28,205,3,255,0.35808753967285156,1,0,2,0
93,990824,3,ext_xiaoxiae_binary_v6_2,ext_xiaoxiae_binary_v6,0,400,1,1,0,1,17,6,41,1,55,0.08201384544372559,1,0,3,0
94,990825,0,user_agent,user_agent,0,400,1,1,0,0,3,1,169,0,171,0.00016427040100097656,1,1,3,0
94,990825,1,ext_xiaoxiae_binary_v6_0,ext_xiaoxiae_binary_v6,0,400,1,1,0,1,13,6,38,0,53,0.06186842918395996,1,0,3,0
94,990825,2,ext_xiaoxiae_binary_v6_1,ext_xiaoxiae_binary_v6,0,400,5,0,1,0,17,9,55,3,86,0.08552122116088867,1,1,2,0
94,990825,3,ext_xiaoxiae_binary_v6_2,ext_xiaoxiae_binary_v6,1,400,17,7,2,0,88,46,325,1,400,0.5444741249084473,0,0,1,1
95,990826,0,user_agent,user_agent,1,400,1,1,0,0,3,1,399,0,400,0.0003705024719238281,0,0,2,0
95,990826,1,ext_xiaoxiae_binary_v6_0,ext_xiaoxiae_binary_v6,1,400,1,1,0,0,15,45,348,0,400,0.16039776802062988,0,0,2,0
95,990826,2,ext_xiaoxiae_binary_v6_1,ext_xiaoxiae_binary_v6,1,400,2,2,0,0,10,44,355,0,400,0.16079926490783691,0,0,1,1
95,990826,3,ext_xiaoxiae_binary_v6_2,ext_xiaoxiae_binary_v6,1,400,0,0,0,0,8,2,394,0,400,0.16811251640319824,0,0,4,0
96,990827,0,user_agent,user_agent,1,400,2,2,0,0,5,30,335,5,400,0.0004286766052246094,0,0,1,1
96,990827,1,ext_xiaoxiae_binary_v6_0,ext_xiaoxiae_binary_v6,1,400,0,0,0,0,13,45,344,0,400,0.3310513496398926,0,0,4,0
96,990827,2,ext_xiaoxiae_binary_v6_1,ext_xiaoxiae_binary_v6,1,400,1,1,0,0,30,41,322,0,400,0.33806729316711426,0,0,3,0
96,990827,3,ext_xiaoxiae_binary_v6_2,ext_xiaoxiae_binary_v6,1,400,2,2,0,0,19,45,349,0,400,0.5184900760650635,0,0,1,1
97,990828,0,user_agent,user_agent,0,400,0,0,0,0,3,1,49,2,53,6.127357482910156e-05,1,1,3,0
97,990828,1,ext_xiaoxiae_binary_v6_0,ext_xiaoxiae_binary_v6,1,400,0,0,0,0,16,47,311,1,400,0.3149890899658203,0,0,3,0
97,990828,2,ext_xiaoxiae_binary_v6_1,ext_xiaoxiae_binary_v6,1,400,11,6,1,0,37,46,313,1,400,0.29291296005249023,0,0,1,1
97,990828,3,ext_xiaoxiae_binary_v6_2,ext_xiaoxiae_binary_v6,0,400,1,1,0,1,25,17,121,1,151,0.20120549201965332,1,0,2,0
98,990829,0,user_agent,user_agent,1,400,0,0,0,0,6,2,394,2,400,0.0003123283386230469,0,0,4,0
98,990829,1,ext_xiaoxiae_binary_v6_0,ext_xiaoxiae_binary_v6,1,400,8,3,1,0,35,14,376,0,400,0.2776145935058594,0,0,1,1
98,990829,2,ext_xiaoxiae_binary_v6_1,ext_xiaoxiae_binary_v6,0,400,1,1,0,0,20,9,57,1,77,0.09383177757263184,1,1,3,0
98,990829,3,ext_xiaoxiae_binary_v6_2,ext_xiaoxiae_binary_v6,0,400,2,2,0,1,11,11,68,1,92,0.09715580940246582,1,0,2,0
99,990830,0,user_agent,user_agent,0,400,0,0,0,1,4,7,276,1,290,0.0002880096435546875,1,0,4,0
99,990830,1,ext_xiaoxiae_binary_v6_0,ext_xiaoxiae_binary_v6,0,400,9,4,1,1,57,17,123,0,153,0.25022077560424805,1,0,1,1
99,990830,2,ext_xiaoxiae_binary_v6_1,ext_xiaoxiae_binary_v6,0,400,2,2,0,0,5,4,130,0,138,0.15962982177734375,1,1,3,0
99,990830,3,ext_xiaoxiae_binary_v6_2,ext_xiaoxiae_binary_v6,1,400,8,3,1,0,56,34,344,1,400,0.63260817527771,0,0,2,0
100,990831,0,user_agent,user_agent,0,400,0,0,0,0,9,3,29,2,52,5.817413330078125e-05,1,1,4,0
100,990831,1,ext_xiaoxiae_binary_v6_0,ext_xiaoxiae_binary_v6,0,400,3,3,0,1,19,10,78,2,98,0.10774540901184082,1,0,3,0
100,990831,2,ext_xiaoxiae_binary_v6_1,ext_xiaoxiae_binary_v6,0,400,6,1,1,1,22,9,65,1,82,0.10889530181884766,1,0,2,0
100,990831,3,ext_xiaoxiae_binary_v6_2,ext_xiaoxiae_binary_v6,1,400,10,5,1,0,68,47,281,1,400,0.44600749015808105,0,0,1,1
101,990832,0,user_agent,user_agent,0,400,1,1,0,0,3,1,53,3,62,7.271766662597656e-05,1,1,3,0
101,990832,1,ext_xiaoxiae_binary_v6_0,ext_xiaoxiae_binary_v6,0,400,1,1,0,1,27,37,240,3,296,0.3810617923736572,1,0,3,0
101,990832,2,ext_xiaoxiae_binary_v6_1,ext_xiaoxiae_binary_v6,1,400,2,2,0,0,52,46,326,2,400,0.5700254440307617,0,0,2,0
101,990832,3,ext_xiaoxiae_binary_v6_2,ext_xiaoxiae_binary_v6,0,400,8,3,1,1,37,17,136,1,175,0.25766420364379883,1,0,1,1
102,990833,0,user_agent,user_agent,1,400,1,1,0,0,8,4,331,43,400,0.0003514289855957031,0,0,4,0
102,990833,1,ext_xiaoxiae_binary_v6_0,ext_xiaoxiae_binary_v6,0,400,2,2,0,1,33,23,151,4,191,0.3349883556365967,1,0,2,0
102,990833,2,ext_xiaoxiae_binary_v6_1,ext_xiaoxiae_binary_v6,1,400,7,2,1,0,20,43,339,1,400,0.44837188720703125,0,0,1,1
102,990833,3,ext_xiaoxiae_binary_v6_2,ext_xiaoxiae_binary_v6,0,400,2,2,0,1,20,14,87,2,116,0.1793532371520996,1,0,2,0
103,990834,0,user_agent,user_agent,1,400,1,1,0,0,1,1,399,0,400,0.0003476142883300781,0,0,2,0
103,990834,1,ext_xiaoxiae_binary_v6_0,ext_xiaoxiae_binary_v6,1,400,1,1,0,0,17,7,388,0,400,0.1595325469970703,0,0,2,0
103,990834,2,ext_xiaoxiae_binary_v6_1,ext_xiaoxiae_binary_v6,1,400,3,3,0,0,24,6,389,0,400,0.17489957809448242,0,0,1,1
103,990834,3,ext_xiaoxiae_binary_v6_2,ext_xiaoxiae_binary_v6,1,400,0,0,0,0,14,7,389,0,400,0.16124582290649414,0,0,4,0
104,990835,0,user_agent,user_agent,0,400,1,1,0,1,5,6,182,9,206,0.00024509429931640625,1,0,3,0
104,990835,1,ext_xiaoxiae_binary_v6_0,ext_xiaoxiae_binary_v6,1,400,1,1,0,0,29,48,326,4,400,0.46348023414611816,0,0,3,0
104,990835,2,ext_xiaoxiae_binary_v6_1,ext_xiaoxiae_binary_v6,1,400,3,3,0,0,35,46,318,6,400,0.5861976146697998,0,0,2,0
104,990835,3,ext_xiaoxiae_binary_v6_2,ext_xiaoxiae_binary_v6,0,400,4,4,0,1,36,16,89,1,130,0.17453813552856445,1,0,1,1
105,990836,0,user_agent,user_agent,1,400,0,0,0,0,9,5,383,4,400,0.0003566741943359375,0,0,3,0
105,990836,1,ext_xiaoxiae_binary_v6_0,ext_xiaoxiae_binary_v6,0,400,9,4,1,1,26,10,79,0,93,0.14035820960998535,1,0,1,1
105,990836,2,ext_xiaoxiae_binary_v6_1,ext_xiaoxiae_binary_v6,0,400,0,0,0,1,15,8,55,1,75,0.09766530990600586,1,0,3,0
105,990836,3,ext_xiaoxiae_binary_v6_2,ext_xiaoxiae_binary_v6,1,400,3,3,0,0,59,32,356,1,400,0.6310374736785889,0,0,2,0
106,990837,0,user_agent,user_agent,1,400,0,0,0,0,8,3,369,25,400,0.0003306865692138672,0,0,3,0
106,990837,1,ext_xiaoxiae_binary_v6_0,ext_xiaoxiae_binary_v6,1,400,9,4,1,0,37,43,351,2,400,0.37084245681762695,0,0,1,1
106,990837,2,ext_xiaoxiae_binary_v6_1,ext_xiaoxiae_binary_v6,0,400,3,3,0,1,29,9,63,1,81,0.10045742988586426,1,0,2,0
106,990837,3,ext_xiaoxiae_binary_v6_2,ext_xiaoxiae_binary_v6,0,400,0,0,0,1,13,10,68,1,92,0.10370349884033203,1,0,3,0
107,990838,0,user_agent,user_agent,0,400,0,0,0,0,5,2,63,1,69,7.796287536621094e-05,1,1,4,0
107,990838,1,ext_xiaoxiae_binary_v6_0,ext_xiaoxiae_binary_v6,0,400,10,5,1,1,49,29,223,6,283,0.4391193389892578,1,0,1,1
107,990838,2,ext_xiaoxiae_binary_v6_1,ext_xiaoxiae_binary_v6,1,400,1,1,0,0,26,49,314,6,400,0.561995267868042,0,0,2,0
107,990838,3,ext_xiaoxiae_binary_v6_2,ext_xiaoxiae_binary_v6,1,400,1,1,0,0,29,47,324,5,400,0.6466302871704102,0,0,2,0
108,990839,0,user_agent,user_agent,0,400,0,0,0,0,3,1,287,1,290,0.0003235340118408203,1,1,4,0
108,990839,1,ext_xiaoxiae_binary_v6_0,ext_xiaoxiae_binary_v6,1,400,15,5,2,0,53,43,329,5,400,0.5200445652008057,0,0,1,1
108,990839,2,ext_xiaoxiae_binary_v6_1,ext_xiaoxiae_binary_v6,0,400,2,2,0,1,30,16,248,0,277,0.4466235637664795,1,0,2,0
108,990839,3,ext_xiaoxiae_binary_v6_2,ext_xiaoxiae_binary_v6,0,400,2,2,0,1,25,20,129,3,167,0.18670010566711426,1,0,2,0
109,990840,0,user_agent,user_agent,1,400,0,0,0,0,3,1,6,0,400,0.00031948089599609375,0,0,4,0
109,990840,1,ext_xiaoxiae_binary_v6_0,ext_xiaoxiae_binary_v6,1,400,3,3,0,0,24,9,377,0,400,0.20676732063293457,0,0,2,0
109,990840,2,ext_xiaoxiae_binary_v6_1,ext_xiaoxiae_binary_v6,0,400,4,4,0,1,25,10,69,1,89,0.10847735404968262,1,0,1,1
109,990840,3,ext_xiaoxiae_binary_v6_2,ext_xiaoxiae_binary_v6,1,400,1,1,0,0,24,9,384,0,400,0.21384644508361816,0,0,3,0
110,990841,0,user_agent,user_agent,0,400,1,1,0,0,8,4,36,2,45,4.9591064453125e-05,1,1,3,0
110,990841,1,ext_xiaoxiae_binary_v6_0,ext_xiaoxiae_binary_v6,1,400,9,4,1,0,78,44,291,1,400,0.5609862804412842,0,0,1,1
110,990841,2,ext_xiaoxiae_binary_v6_1,ext_xiaoxiae_binary_v6,0,400,1,1,0,1,28,16,121,3,149,0.21225857734680176,1,0,3,0
110,990841,3,ext_xiaoxiae_binary_v6_2,ext_xiaoxiae_binary_v6,0,400,3,3,0,1,11,14,109,2,140,0.20330142974853516,1,0,2,0
111,990842,0,user_agent,user_agent,1,400,1,1,0,0,9,3,372,0,400,0.00032711029052734375,0,0,2,0
111,990842,1,ext_xiaoxiae_binary_v6_0,ext_xiaoxiae_binary_v6,1,400,0,0,0,0,14,45,344,0,400,0.15843462944030762,0,0,4,0
111,990842,2,ext_xiaoxiae_binary_v6_1,ext_xiaoxiae_binary_v6,0,400,1,1,0,1,20,7,39,0,53,0.05581831932067871,1,0,2,0
111,990842,3,ext_xiaoxiae_binary_v6_2,ext_xiaoxiae_binary_v6,1,400,3,3,0,0,12,44,353,0,400,0.15953278541564941,0,0,1,1
112,990843,0,user_agent,user_agent,0,400,6,1,1,1,7,6,73,3,89,0.00010728836059570312,1,0,3,0
112,990843,1,ext_xiaoxiae_binary_v6_0,ext_xiaoxiae_binary_v6,0,400,1,1,0,0,21,8,49,1,65,0.06174349784851074,1,1,4,0
112,990843,2,ext_xiaoxiae_binary_v6_1,ext_xiaoxiae_binary_v6,1,400,8,3,1,0,63,44,325,5,400,0.5584537982940674,0,0,1,1
112,990843,3,ext_xiaoxiae_binary_v6_2,ext_xiaoxiae_binary_v6,0,400,7,2,1,1,21,35,228,9,295,0.33982014656066895,1,0,2,0
113,990844,0,user_agent,user_agent,1,400,0,0,0,0,6,3,395,0,400,0.0003650188446044922,0,0,3,0
113,990844,1,ext_xiaoxiae_binary_v6_0,ext_xiaoxiae_binary_v6,1,400,1,1,0,0,12,44,271,0,400,0.21885275840759277,0,0,2,0
113,990844,2,ext_xiaoxiae_binary_v6_1,ext_xiaoxiae_binary_v6,1,400,0,0,0,0,13,41,314,0,400,0.23363018035888672,0,0,3,0
113,990844,3,ext_xiaoxiae_binary_v6_2,ext_xiaoxiae_binary_v6,1,400,2,2,0,0,13,44,349,0,400,0.22189044952392578,0,0,1,1
114,990845,0,user_agent,user_agent,1,400,0,0,0,0,6,3,395,0,400,0.00039505958557128906,0,0,3,0
114,990845,1,ext_xiaoxiae_binary_v6_0,ext_xiaoxiae_binary_v6,1,400,9,4,1,0,39,12,377,0,400,0.25159621238708496,0,0,1,1
114,990845,2,ext_xiaoxiae_binary_v6_1,ext_xiaoxiae_binary_v6,0,400,0,0,0,1,18,8,43,2,62,0.06737542152404785,1,0,3,0
114,990845,3,ext_xiaoxiae_binary_v6_2,ext_xiaoxiae_binary_v6,1,400,4,4,0,0,27,7,389,0,400,0.2974131107330322,0,0,2,0
115,990846,0,user_agent,user_agent,0,400,1,1,0,1,4,3,69,5,90,0.00011801719665527344,1,0,4,0
115,990846,1,ext_xiaoxiae_binary_v6_0,ext_xiaoxiae_binary_v6,0,400,2,2,0,0,13,6,48,0,60,0.07234525680541992,1,1,3,0
115,990846,2,ext_xiaoxiae_binary_v6_1,ext_xiaoxiae_binary_v6,1,400,8,3,1,0,33,10,381,1,400,0.2180161476135254,0,0,1,1
115,990846,3,ext_xiaoxiae_binary_v6_2,ext_xiaoxiae_binary_v6,1,400,7,2,1,0,26,10,380,1,400,0.18852543830871582,0,0,2,0
116,990847,0,user_agent,user_agent,0,400,0,0,0,1,11,8,174,4,194,0.0002472400665283203,1,0,4,0
116,990847,1,ext_xiaoxiae_binary_v6_0,ext_xiaoxiae_binary_v6,1,400,3,3,0,0,30,44,336,4,400,0.5805275440216064,0,0,1,1
116,990847,2,ext_xiaoxiae_binary_v6_1,ext_xiaoxiae_binary_v6,1,400,1,1,0,0,28,46,327,9,400,0.5437734127044678,0,0,3,0
116,990847,3,ext_xiaoxiae_binary_v6_2,ext_xiaoxiae_binary_v6,0,400,2,2,0,1,34,15,103,1,127,0.17027640342712402,1,0,2,0
117,990848,0,user_agent,user_agent,0,400,0,0,0,0,2,1,7,3,46,5.269050598144531e-05,1,1,4,0
117,990848,1,ext_xiaoxiae_binary_v6_0,ext_xiaoxiae_binary_v6,0,400,1,1,0,0,25,13,75,3,108,0.10593247413635254,1,1,3,0
117,990848,2,ext_xiaoxiae_binary_v6_1,ext_xiaoxiae_binary_v6,0,400,3,3,0,1,23,36,243,2,307,0.31436777114868164,1,0,2,0
117,990848,3,ext_xiaoxiae_binary_v6_2,ext_xiaoxiae_binary_v6,1,400,18,3,3,0,51,45,333,9,400,0.47881603240966797,0,0,1,1
118,990849,0,user_agent,user_agent,1,400,0,0,0,0,6,3,389,5,400,0.0003914833068847656,0,0,4,0
118,990849,1,ext_xiaoxiae_binary_v6_0,ext_xiaoxiae_binary_v6,0,400,1,1,0,1,26,9,49,2,69,0.0801229476928711,1,0,3,0
118,990849,2,ext_xiaoxiae_binary_v6_1,ext_xiaoxiae_binary_v6,1,400,7,2,1,0,41,46,278,0,400,0.25454187393188477,0,0,1,1
118,990849,3,ext_xiaoxiae_binary_v6_2,ext_xiaoxiae_binary_v6,1,400,2,2,0,0,22,43,348,1,400,0.28435540199279785,0,0,2,0
119,990850,0,user_agent,user_agent,0,400,0,0,0,0,5,7,127,17,155,0.0001659393310546875,1,1,3,0
119,990850,1,ext_xiaoxiae_binary_v6_0,ext_xiaoxiae_binary_v6,0,400,0,0,0,1,22,26,192,1,226,0.263657808303833,1,0,3,0
119,990850,2,ext_xiaoxiae_binary_v6_1,ext_xiaoxiae_binary_v6,0,400,10,5,1,1,30,24,211,1,242,0.2963101863861084,1,0,1,1
119,990850,3,ext_xiaoxiae_binary_v6_2,ext_xiaoxiae_binary_v6,1,400,4,4,0,0,64,43,346,1,400,0.5465087890625,0,0,2,0
120,990851,0,user_agent,user_agent,1,400,0,0,0,0,6,2,397,0,400,0.00031828880310058594,0,0,4,0
120,990851,1,ext_xiaoxiae_binary_v6_0,ext_xiaoxiae_binary_v6,0,400,5,0,1,0,13,7,52,0,68,0.09621214866638184,1,1,2,0
120,990851,2,ext_xiaoxiae_binary_v6_1,ext_xiaoxiae_binary_v6,1,400,10,5,1,0,55,19,363,0,400,0.4140794277191162,0,0,1,1
120,990851,3,ext_xiaoxiae_binary_v6_2,ext_xiaoxiae_binary_v6,0,400,2,2,0,0,17,6,49,0,65,0.07622933387756348,1,1,3,0
121,990852,0,user_agent,user_agent,1,400,2,2,0,0,13,9,372,4,400,0.0003426074981689453,0,0,3,0
121,990852,1,ext_xiaoxiae_binary_v6_0,ext_xiaoxiae_binary_v6,0,400,1,1,0,1,16,6,28,0,42,0.04142332077026367,1,0,4,0
121,990852,2,ext_xiaoxiae_binary_v6_1,ext_xiaoxiae_binary_v6,1,400,3,3,0,0,35,22,360,1,400,0.3077418804168701,0,0,2,0
121,990852,3,ext_xiaoxiae_binary_v6_2,ext_xiaoxiae_binary_v6,0,400,7,2,1,1,28,19,135,4,175,0.24970149993896484,1,0,1,1
122,990853,0,user_agent,user_agent,0,400,0,0,0,0,8,3,353,2,359,0.0003924369812011719,1,1,4,0
122,990853,1,ext_xiaoxiae_binary_v6_0,ext_xiaoxiae_binary_v6,0,400,2,2,0,1,40,45,313,9,392,0.5303535461425781,1,0,2,0
122,990853,2,ext_xiaoxiae_binary_v6_1,ext_xiaoxiae_binary_v6,0,400,1,1,0,0,17,12,93,3,117,0.12620782852172852,1,1,3,0
122,990853,3,ext_xiaoxiae_binary_v6_2,ext_xiaoxiae_binary_v6,1,400,12,2,2,0,23,44,318,10,400,0.4864308834075928,0,0,1,1
123,990854,0,user_agent,user_agent,1,400,1,1,0,0,5,2,397,0,400,0.00036406517028808594,0,0,2,0
123,990854,1,ext_xiaoxiae_binary_v6_0,ext_xiaoxiae_binary_v6,1,400,0,0,0,0,17,49,337,0,400,0.2694282531738281,0,0,3,0
123,990854,2,ext_xiaoxiae_binary_v6_1,ext_xiaoxiae_binary_v6,0,400,2,2,0,1,17,8,57,1,75,0.09950876235961914,1,0,1,1
123,990854,3,ext_xiaoxiae_binary_v6_2,ext_xiaoxiae_binary_v6,1,400,0,0,0,0,15,49,338,1,400,0.2471330165863037,0,0,3,0
124,990855,0,user_agent,user_agent,0,400,1,1,0,0,10,5,119,23,155,0.00017714500427246094,1,1,3,0
124,990855,1,ext_xiaoxiae_binary_v6_0,ext_xiaoxiae_binary_v6,0,400,1,1,0,1,12,5,38,0,50,0.06052589416503906,1,0,3,0
124,990855,2,ext_xiaoxiae_binary_v6_1,ext_xiaoxiae_binary_v6,1,400,14,4,2,0,69,47,309,4,400,0.4568667411804199,0,0,1,1
124,990855,3,ext_xiaoxiae_binary_v6_2,ext_xiaoxiae_binary_v6,0,400,8,3,1,1,39,27,185,4,235,0.3048233985900879,1,0,2,0
125,990856,0,user_agent,user_agent,1,400,0,0,0,0,6,3,395,0,400,0.00032138824462890625,0,0,4,0
125,990856,1,ext_xiaoxiae_binary_v6_0,ext_xiaoxiae_binary_v6,1,400,13,3,2,0,45,20,367,1,400,0.3333017826080322,0,0,1,1
125,990856,2,ext_xiaoxiae_binary_v6_1,ext_xiaoxiae_binary_v6,0,400,3,3,0,1,22,7,55,1,72,0.11442995071411133,1,0,2,0
125,990856,3,ext_xiaoxiae_binary_v6_2,ext_xiaoxiae_binary_v6,0,400,1,1,0,1,13,10,88,1,111,0.17290234565734863,1,0,3,0
126,990857,0,user_agent,user_agent,1,400,0,0,0,0,3,1,384,11,400,0.0003783702850341797,0,0,4,0
126,990857,1,ext_xiaoxiae_binary_v6_0,ext_xiaoxiae_binary_v6,0,400,4,4,0,0,30,24,240,2,287,0.4397592544555664,1,1,2,0
126,990857,2,ext_xiaoxiae_binary_v6_1,ext_xiaoxiae_binary_v6,1,400,8,3,1,0,35,44,329,5,400,0.43604111671447754,0,0,1,1
126,990857,3,ext_xiaoxiae_binary_v6_2,ext_xiaoxiae_binary_v6,0,400,1,1,0,1,22,13,89,1,114,0.12973928451538086,1,0,3,0
127,990858,0,user_agent,user_agent,1,400,1,1,0,0,11,5,349,8,400,0.0003075599670410156,0,0,3,0
127,990858,1,ext_xiaoxiae_binary_v6_0,ext_xiaoxiae_binary_v6,1,400,7,2,1,0,29,13,379,0,400,0.26132822036743164,0,0,1,1
127,990858,2,ext_xiaoxiae_binary_v6_1,ext_xiaoxiae_binary_v6,0,400,3,3,0,1,20,8,59,1,76,0.09671711921691895,1,0,2,0
127,990858,3,ext_xiaoxiae_binary_v6_2,ext_xiaoxiae_binary_v6,0,400,1,1,0,0,9,5,35,2,55,0.059920549392700195,1,1,3,0
128,990859,0,user_agent,user_agent,0,400,1,1,0,1,6,3,44,1,51,5.53131103515625e-05,1,0,3,0
128,990859,1,ext_xiaoxiae_binary_v6_0,ext_xiaoxiae_binary_v6,1,400,8,3,1,0,19,42,331,5,400,0.6456935405731201,0,0,2,0
128,990859,2,ext_xiaoxiae_binary_v6_1,ext_xiaoxiae_binary_v6,1,400,0,0,0,0,21,44,323,12,400,0.6448051929473877,0,0,4,0
128,990859,3,ext_xiaoxiae_binary_v6_2,ext_xiaoxiae_binary_v6,0,400,9,4,1,0,57,37,287,4,354,0.5742955207824707,1,1,1,1
129,990860,0,user_agent,user_agent,1,400,0,0,0,0,0,0,400,0,400,0.00037789344787597656,0,0,2,0
129,990860,1,ext_xiaoxiae_binary_v6_0,ext_xiaoxiae_binary_v6,1,400,0,0,0,0,21,52,298,0,400,0.2817111015319824,0,0,2,0
129,990860,2,ext_xiaoxiae_binary_v6_1,ext_xiaoxiae_binary_v6,1,400,11,6,1,0,36,52,304,1,400,0.29796385765075684,0,0,1,1
129,990860,3,ext_xiaoxiae_binary_v6_2,ext_xiaoxiae_binary_v6,0,400,0,0,0,0,14,10,72,0,97,0.11379551887512207,1,1,2,0
130,990861,0,user_agent,user_agent,0,400,1,1,0,0,5,2,241,7,260,0.0002620220184326172,1,1,4,0
130,990861,1,ext_xiaoxiae_binary_v6_0,ext_xiaoxiae_binary_v6,0,400,3,3,0,0,28,13,101,1,127,0.19155287742614746,1,1,2,0
130,990861,2,ext_xiaoxiae_binary_v6_1,ext_xiaoxiae_binary_v6,0,400,2,2,0,1,21,23,144,1,187,0.21985530853271484,1,0,3,0
130,990861,3,ext_xiaoxiae_binary_v6_2,ext_xiaoxiae_binary_v6,1,400,13,3,2,0,59,44,319,2,400,0.6121509075164795,0,0,1,1
131,990862,0,user_agent,user_agent,1,400,1,1,0,0,3,1,399,0,400,0.0003714561462402344,0,0,3,0
131,990862,1,ext_xiaoxiae_binary_v6_0,ext_xiaoxiae_binary_v6,0,400,3,3,0,1,27,12,77,0,104,0.12340855598449707,1,0,1,1
131,990862,2,ext_xiaoxiae_binary_v6_1,ext_xiaoxiae_binary_v6,1,400,2,2,0,0,21,43,346,1,400,0.27715253829956055,0,0,2,0
131,990862,3,ext_xiaoxiae_binary_v6_2,ext_xiaoxiae_binary_v6,1,400,0,0,0,0,11,37,354,0,400,0.31981992721557617,0,0,4,0
132,990863,0,user_agent,user_agent,1,400,0,0,0,0,9,7,363,2,400,0.00045680999755859375,0,0,3,0
132,990863,1,ext_xiaoxiae_binary_v6_0,ext_xiaoxiae_binary_v6,0,400,6,6,0,0,35,37,293,9,365,0.46679258346557617,1,1,2,0
132,990863,2,ext_xiaoxiae_binary_v6_1,ext_xiaoxiae_binary_v6,0,400,0,0,0,1,22,21,159,2,203,0.27551770210266113,1,0,3,0
132,990863,3,ext_xiaoxiae_binary_v6_2,ext_xiaoxiae_binary_v6,1,400,12,2,2,0,27,43,337,3,400,0.6371860504150391,0,0,1,1
133,990864,0,user_agent,user_agent,0,400,1,1,0,0,13,7,46,0,60,6.651878356933594e-05,1,1,3,0
133,990864,1,ext_xiaoxiae_binary_v6_0,ext_xiaoxiae_binary_v6,0,400,2,2,0,1,19,10,53,2,80,0.07986664772033691,1,0,2,0
133,990864,2,ext_xiaoxiae_binary_v6_1,ext_xiaoxiae_binary_v6,1,400,7,2,1,0,26,47,311,3,400,0.3618936538696289,0,0,1,1
133,990864,3,ext_xiaoxiae_binary_v6_2,ext_xiaoxiae_binary_v6,1,400,1,1,0,0,21,47,330,6,400,0.359882116317749,0,0,3,0
134,990865,0,user_agent,user_agent,1,400,0,0,0,0,6,3,396,0,400,0.0003504753112792969,0,0,4,0
134,990865,1,ext_xiaoxiae_binary_v6_0,ext_xiaoxiae_binary_v6,1,400,1,1,0,0,22,7,382,0,400,0.1431126594543457,0,0,2,0
134,990865,2,ext_xiaoxiae_binary_v6_1,ext_xiaoxiae_binary_v6,1,400,2,2,0,0,21,7,382,0,400,0.1431272029876709,0,0,1,1
134,990865,3,ext_xiaoxiae_binary_v6_2,ext_xiaoxiae_binary_v6,1,400,1,1,0,0,18,6,383,0,400,0.14446806907653809,0,0,2,0
135,990866,0,user_agent,user_agent,1,400,2,2,0,0,8,16,341,22,400,0.0003604888916015625,0,0,2,0
135,990866,1,ext_xiaoxiae_binary_v6_0,ext_xiaoxiae_binary_v6,0,400,2,2,0,1,31,22,135,5,186,0.22072315216064453,1,0,2,0
135,990866,2,ext_xiaoxiae_binary_v6_1,ext_xiaoxiae_binary_v6,1,400,1,1,0,0,14,44,347,2,400,0.3350098133087158,0,0,4,0
135,990866,3,ext_xiaoxiae_binary_v6_2,ext_xiaoxiae_binary_v6,0,400,3,3,0,1,26,17,124,3,154,0.2187337875366211,1,0,1,1
136,990867,0,user_agent,user_agent,1,400,1,1,0,0,4,3,373,22,400,0.0002980232238769531,0,0,3,0
136,990867,1,ext_xiaoxiae_binary_v6_0,ext_xiaoxiae_binary_v6,1,400,5,5,0,0,25,39,347,2,400,0.2633211612701416,0,0,2,0
136,990867,2,ext_xiaoxiae_binary_v6_1,ext_xiaoxiae_binary_v6,0,400,0,0,0,0,26,9,69,2,96,0.13223958015441895,1,1,4,0
136,990867,3,ext_xiaoxiae_binary_v6_2,ext_xiaoxiae_binary_v6,0,400,6,1,1,1,17,12,87,1,114,0.13958311080932617,1,0,1,1
137,990868,0,user_agent,user_agent,1,400,1,1,0,0,3,1,398,0,400,0.0003590583801269531,0,0,1,1
137,990868,1,ext_xiaoxiae_binary_v6_0,ext_xiaoxiae_binary_v6,1,400,1,1,0,0,13,3,394,0,400,0.18217086791992188,0,0,1,1
137,990868,2,ext_xiaoxiae_binary_v6_1,ext_xiaoxiae_binary_v6,1,400,1,1,0,0,17,45,350,0,400,0.16357111930847168,0,0,1,1
137,990868,3,ext_xiaoxiae_binary_v6_2,ext_xiaoxiae_binary_v6,1,400,1,1,0,0,15,45,351,0,400,0.1665971279144287,0,0,1,1
138,990869,0,user_agent,user_agent,0,400,1,1,0,0,5,3,58,2,65,7.534027099609375e-05,1,1,3,0
138,990869,1,ext_xiaoxiae_binary_v6_0,ext_xiaoxiae_binary_v6,1,400,14,4,2,0,62,44,331,4,400,0.6476647853851318,0,0,1,1
138,990869,2,ext_xiaoxiae_binary_v6_1,ext_xiaoxiae_binary_v6,0,400,9,4,1,1,19,37,266,4,329,0.4484865665435791,1,0,2,0
138,990869,3,ext_xiaoxiae_binary_v6_2,ext_xiaoxiae_binary_v6,0,400,0,0,0,1,15,16,95,1,131,0.13642263412475586,1,0,4,0
139,990870,0,user_agent,user_agent,1,400,1,1,0,0,4,2,397,0,400,0.00032329559326171875,0,0,1,1
139,990870,1,ext_xiaoxiae_binary_v6_0,ext_xiaoxiae_binary_v6,1,400,1,1,0,0,14,50,335,0,400,0.16655731201171875,0,0,1,1
139,990870,2,ext_xiaoxiae_binary_v6_1,ext_xiaoxiae_binary_v6,1,400,0,0,0,0,17,50,340,1,400,0.16449427604675293,0,0,3,0
139,990870,3,ext_xiaoxiae_binary_v6_2,ext_xiaoxiae_binary_v6,0,400,0,0,0,1,20,6,33,0,45,0.04326009750366211,1,0,3,0
140,990871,0,user_agent,user_agent,0,400,0,0,0,1,7,7,298,9,325,0.0003306865692138672,1,0,4,0
140,990871,1,ext_xiaoxiae_binary_v6_0,ext_xiaoxiae_binary_v6,0,400,8,3,1,1,40,31,213,3,271,0.3352956771850586,1,0,2,0
140,990871,2,ext_xiaoxiae_binary_v6_1,ext_xiaoxiae_binary_v6,1,400,10,5,1,0,54,41,335,5,400,0.6347098350524902,0,0,1,1
140,990871,3,ext_xiaoxiae_binary_v6_2,ext_xiaoxiae_binary_v6,0,400,1,1,0,0,19,11,61,0,93,0.08565998077392578,1,1,3,0
141,990872,0,user_agent,user_agent,1,400,1,1,0,0,10,4,368,23,400,0.0003592967987060547,0,0,2,0
141,990872,1,ext_xiaoxiae_binary_v6_0,ext_xiaoxiae_binary_v6,0,400,1,1,0,1,17,10,99,2,120,0.21796464920043945,1,0,2,0
141,990872,2,ext_xiaoxiae_binary_v6_1,ext_xiaoxiae_binary_v6,1,400,3,3,0,0,38,44,334,1,400,0.34046506881713867,0,0,1,1
141,990872,3,ext_xiaoxiae_binary_v6_2,ext_xiaoxiae_binary_v6,0,400,1,1,0,1,19,19,132,2,172,0.22443461418151855,1,0,2,0
142,990873,0,user_agent,user_agent,0,400,1,1,0,0,3,1,13,2,369,0.0004291534423828125,1,1,4,0
142,990873,1,ext_xiaoxiae_binary_v6_0,ext_xiaoxiae_binary_v6,1,400,10,0,2,0,32,45,329,3,400,0.6280977725982666,0,0,1,1
142,990873,2,ext_xiaoxiae_binary_v6_1,ext_xiaoxiae_binary_v6,0,400,4,4,0,1,25,19,168,2,199,0.29517149925231934,1,0,2,0
142,990873,3,ext_xiaoxiae_binary_v6_2,ext_xiaoxiae_binary_v6,0,400,4,4,0,0,56,38,286,4,349,0.5646445751190186,1,1,2,0
143,990874,0,user_agent,user_agent,1,400,0,0,0,0,7,3,368,27,400,0.00042057037353515625,0,0,4,0
143,990874,1,ext_xiaoxiae_binary_v6_0,ext_xiaoxiae_binary_v6,1,400,2,2,0,0,34,43,344,2,400,0.3196747303009033,0,0,1,1
143,990874,2,ext_xiaoxiae_binary_v6_1,ext_xiaoxiae_binary_v6,0,400,2,2,0,1,28,20,131,2,168,0.19829916954040527,1,0,1,1
143,990874,3,ext_xiaoxiae_binary_v6_2,ext_xiaoxiae_binary_v6,0,400,1,1,0,1,25,16,116,0,143,0.1998763084411621,1,0,3,0
144,990875,0,user_agent,user_agent,1,400,0,0,0,0,4,2,363,31,400,0.000396728515625,0,0,2,0
144,990875,1,ext_xiaoxiae_binary_v6_0,ext_xiaoxiae_binary_v6,1,400,3,3,0,0,20,37,361,0,400,0.3143632411956787,0,0,1,1
144,990875,2,ext_xiaoxiae_binary_v6_1,ext_xiaoxiae_binary_v6,1,400,0,0,0,0,11,45,349,0,400,0.27056169509887695,0,0,2,0
144,990875,3,ext_xiaoxiae_binary_v6_2,ext_xiaoxiae_binary_v6,1,400,0,0,0,0,14,45,346,0,400,0.3397181034088135,0,0,2,0
145,990876,0,user_agent,user_agent,1,400,0,0,0,0,3,1,359,37,400,0.00039267539978027344,0,0,4,0
145,990876,1,ext_xiaoxiae_binary_v6_0,ext_xiaoxiae_binary_v6,1,400,1,1,0,0,24,46,340,0,400,0.3234076499938965,0,0,1,1
145,990876,2,ext_xiaoxiae_binary_v6_1,ext_xiaoxiae_binary_v6,1,400,1,1,0,0,14,38,357,0,400,0.28817176818847656,0,0,1,1
145,990876,3,ext_xiaoxiae_binary_v6_2,ext_xiaoxiae_binary_v6,1,400,1,1,0,0,10,39,349,0,400,0.3139913082122803,0,0,1,1
146,990877,0,user_agent,user_agent,1,400,0,0,0,0,4,3,385,4,400,0.0003147125244140625,0,0,4,0
146,990877,1,ext_xiaoxiae_binary_v6_0,ext_xiaoxiae_binary_v6,0,400,13,3,2,1,60,29,209,1,264,0.4640233516693115,1,0,1,1
146,990877,2,ext_xiaoxiae_binary_v6_1,ext_xiaoxiae_binary_v6,0,400,1,1,0,0,17,8,50,0,68,0.0789647102355957,1,1,3,0
146,990877,3,ext_xiaoxiae_binary_v6_2,ext_xiaoxiae_binary_v6,0,400,4,4,0,0,16,9,71,1,94,0.12729859352111816,1,1,2,0
147,990878,0,user_agent,user_agent,1,400,0,0,0,0,9,8,358,27,400,0.00030303001403808594,0,0,4,0
147,990878,1,ext_xiaoxiae_binary_v6_0,ext_xiaoxiae_binary_v6,0,400,1,1,0,1,15,13,104,0,127,0.16040325164794922,1,0,3,0
147,990878,2,ext_xiaoxiae_binary_v6_1,ext_xiaoxiae_binary_v6,1,400,6,1,1,0,29,37,354,0,400,0.3029041290283203,0,0,1,1
147,990878,3,ext_xiaoxiae_binary_v6_2,ext_xiaoxiae_binary_v6,0,400,2,2,0,0,24,6,34,0,55,0.05378890037536621,1,1,2,0
148,990879,0,user_agent,user_agent,1,400,0,0,0,0,2,1,398,0,400,0.0003714561462402344,0,0,2,0
148,990879,1,ext_xiaoxiae_binary_v6_0,ext_xiaoxiae_binary_v6,1,400,0,0,0,0,10,4,391,0,400,0.19461369514465332,0,0,2,0
148,990879,2,ext_xiaoxiae_binary_v6_1,ext_xiaoxiae_binary_v6,1,400,1,1,0,0,22,6,390,0,400,0.16029000282287598,0,0,1,1
148,990879,3,ext_xiaoxiae_binary_v6_2,ext_xiaoxiae_binary_v6,1,400,0,0,0,0,13,5,388,0,400,0.14998602867126465,0,0,2,0
149,990880,0,user_agent,user_agent,1,400,1,1,0,0,13,8,375,5,400,0.0003809928894042969,0,0,3,0
149,990880,1,ext_xiaoxiae_binary_v6_0,ext_xiaoxiae_binary_v6,1,400,8,3,1,0,47,44,335,5,400,0.6044487953186035,0,0,1,1
149,990880,2,ext_xiaoxiae_binary_v6_1,ext_xiaoxiae_binary_v6,0,400,1,1,0,1,21,20,128,1,162,0.22155451774597168,1,0,3,0
149,990880,3,ext_xiaoxiae_binary_v6_2,ext_xiaoxiae_binary_v6,0,400,2,2,0,1,22,9,61,2,81,0.10771656036376953,1,0,2,0
