episode,wall_clock_s,score,steps,reward,epsilon,COIN_COLLECTED,CRATE_DESTROYED,COIN_FOUND,KILLED_OPPONENT,KILLED_SELF,GOT_KILLED,SURVIVED_ROUND,INVALID_ACTION,BOMB_DROPPED,WAITED,td_error
1,0.97,0,25,3.8,0.2,0,11,0,0,1,1,0,2,3,2,1.1225840557080382
2,1.09,1,50,5.3,0.1999,1,11,1,0,1,1,0,5,6,7,0.9721491168129656
3,1.1,0,5,-2.3,0.1998,0,3,0,0,1,1,0,0,1,3,3.858407924150499
4,1.17,1,41,4.7,0.1997,1,8,1,0,1,1,0,3,5,3,0.8995671449420671
5,1.18,0,6,-5.0,0.1996,0,1,0,0,1,1,0,1,1,0,0.3582638942766283
6,1.21,0,20,-3.3,0.1995,0,5,0,0,1,1,0,3,3,3,0.7329236131333825
7,1.47,1,80,5.3,0.199401,1,17,1,0,0,1,0,11,8,7,0.892584406989364
8,1.53,1,32,1.9,0.199301,1,7,1,0,1,1,0,5,4,1,1.1030266915504785
9,1.53,0,6,-4.1,0.199201,0,3,0,0,1,1,0,2,1,1,0.7575288544202703
10,1.59,0,29,2.5,0.199102,0,12,0,0,1,1,0,4,4,5,0.7347615071758142
11,1.63,1,27,8.9,0.199002,1,10,1,0,1,1,0,1,3,1,0.7841848510177689
12,1.69,1,37,5.7,0.198903,1,12,1,0,1,1,0,6,4,3,1.1133467847735063
13,1.73,0,20,3.7,0.198803,0,9,0,0,1,1,0,0,3,3,0.6005996098411497
14,1.75,0,14,-1.3,0.198704,0,5,0,0,1,1,0,1,2,3,0.6117713853927113
15,1.76,0,14,-1.3,0.198605,0,5,0,0,1,1,0,1,2,3,1.6110288034342715
16,1.77,0,6,-2.1,0.198505,0,3,0,0,1,1,0,0,1,1,0.5071748949247609
17,1.78,0,6,-4.1,0.198406,0,3,0,0,1,1,0,2,1,1,1.760615017734633
18,1.79,0,6,-3.0,0.198307,0,3,0,0,1,1,0,1,1,0,0.46705764997857474
19,1.95,1,72,11.3,0.198208,1,18,0,0,1,1,0,6,9,7,0.7516986362141211
20,2.02,1,39,-0.2,0.198109,1,6,1,0,1,1,0,6,5,2,0.7437905459403604
21,2.04,1,17,1.9,0.198009,1,4,1,0,1,1,0,2,2,1,0.8504091253757109
22,2.26,1,108,23.0,0.19791,1,32,1,0,1,1,0,8,12,10,0.7573216262695017
23,2.31,0,27,-0.3,0.197812,0,9,0,0,1,1,0,4,4,3,0.7096649303877682
24,2.48,0,73,-3.4,0.197713,0,10,1,0,1,1,0,8,9,4,0.8797306596112132
25,2.49,0,7,-2.2,0.197614,0,5,0,0,1,1,0,2,1,2,2.763711124434292
26,2.52,0,22,1.9,0.197515,0,8,0,0,1,1,0,1,3,1,0.4896474424658392
27,2.68,0,63,4.6,0.197416,0,18,0,0,1,1,0,8,7,4,0.6469460508392887
28,2.7,0,14,-1.0,0.197317,0,4,0,0,1,1,0,0,2,0,0.6463773355957111
29,2.88,0,66,14.1,0.197219,0,26,1,0,1,1,0,6,9,9,0.869726933385354
30,2.89,0,8,-5.0,0.19712,0,3,0,0,1,1,0,3,1,0,0.5397887453015598
31,2.95,0,31,5.5,0.197022,0,13,0,0,1,1,0,2,4,5,0.6841403045548827
32,3.21,0,95,21.5,0.196923,0,34,0,0,1,1,0,6,12,15,0.6581259587632822
33,3.22,0,7,-4.0,0.196825,0,3,1,0,1,1,0,2,1,0,1.0494829015787297
34,3.28,0,31,-3.5,0.196726,0,8,1,0,1,1,0,6,4,5,0.6215920334671021
35,3.38,0,50,5.2,0.196628,0,17,0,0,1,1,0,6,6,8,0.8524584752046555
36,3.44,1,39,11.6,0.19653,1,15,3,0,1,1,0,3,4,4,1.0176219178208241
37,3.65,4,85,35.3,0.196431,4,28,4,0,1,1,0,7,10,7,1.2092463186156717
38,3.7,0,28,1.6,0.196333,0,11,0,0,1,1,0,4,4,4,0.6417414829347666
39,3.74,0,22,1.9,0.196235,0,11,2,0,1,1,0,4,3,1,0.7785275574197198
40,3.75,0,5,-3.2,0.196137,0,3,0,0,1,1,0,1,1,2,0.7044383923294092
41,3.82,1,38,4.5,0.196039,1,8,1,0,1,1,0,3,4,5,1.190426570117876
42,3.85,0,16,-1.2,0.195941,0,8,2,0,1,1,0,4,2,2,1.101612184266091
43,3.85,0,6,-4.2,0.195843,0,2,1,0,1,1,0,1,1,2,0.3889959237497053
44,3.87,0,9,-4.0,0.195745,0,3,0,0,1,1,0,2,1,0,0.5526916909009612
45,3.92,1,32,9.2,0.195647,1,10,1,0,1,1,0,0,4,8,0.6162354859495772
46,4.15,3,92,28.0,0.195549,3,25,3,0,1,1,0,6,9,10,0.7908017821858608
47,4.18,0,22,4.8,0.195451,0,11,0,0,1,1,0,1,3,2,0.856817439608961
48,4.31,0,63,-1.3,0.195354,0,12,1,0,1,1,0,8,8,3,1.1653756667660884
49,4.35,0,22,-3.2,0.195256,0,5,0,0,1,1,0,3,3,2,0.942749931899326
50,4.44,2,39,10.7,0.195158,2,10,1,0,1,1,0,4,5,3,0.8500955734926109
51,4.48,1,25,10.8,0.195061,1,11,1,0,1,1,0,0,3,2,0.6638477338248713
52,4.51,1,24,6.7,0.194963,1,9,1,0,1,1,0,2,3,3,0.7339305004448118
53,4.55,0,22,0.8,0.194866,0,9,0,0,1,1,0,3,3,2,0.7161147927203785
54,4.71,3,67,19.6,0.194768,3,17,3,0,1,1,0,7,8,4,1.2825089862771046
55,4.73,0,14,-5.2,0.194671,0,4,1,0,1,1,0,4,2,2,1.9395000020121256
56,4.74,0,7,-1.1,0.194574,0,5,1,0,1,1,0,1,1,1,0.7289614996256507
57,4.76,0,13,-2.1,0.194476,0,4,0,0,1,1,0,1,2,1,0.7435229333132377
58,4.8,0,30,-1.2,0.194379,0,6,0,0,1,1,0,2,4,2,0.5957834883230977
59,4.85,0,27,1.8,0.194282,0,10,0,0,1,1,0,3,4,2,0.6825419611060769
60,4.92,0,36,8.3,0.194185,0,16,0,0,1,1,0,2,5,7,0.70330427498687
61,4.93,0,7,-2.0,0.194088,0,3,0,0,1,1,0,0,1,0,0.4354436615751243
62,4.94,0,7,-3.0,0.193991,0,2,0,0,1,1,0,0,1,0,0.3156195413102799
63,4.95,0,13,-0.1,0.193894,0,7,1,0,1,1,0,2,2,1,1.580322655788892
64,4.98,0,20,0.6,0.193797,0,9,0,0,1,1,0,3,3,4,0.6389614489350139
65,5.01,1,20,6.0,0.1937,1,9,1,0,1,1,0,3,3,0,1.3804497942368568
66,5.01,0,6,-3.0,0.193603,0,3,0,0,1,1,0,1,1,0,0.4753228045137017
67,5.04,0,21,0.7,0.193506,0,7,0,0,1,1,0,1,3,3,0.4612819199457912
68,5.13,1,43,10.5,0.193409,1,15,1,0,1,1,0,4,6,5,0.8691374629798047
69,5.17,1,26,6.8,0.193313,1,8,1,0,1,1,0,1,3,2,0.5578582342505283
70,5.37,0,83,11.0,0.193216,0,24,0,0,0,1,0,7,10,10,0.7072064572595583
71,5.42,0,31,0.5,0.193119,0,10,0,0,1,1,0,4,4,5,0.5452609997215985
72,5.67,1,92,10.1,0.193023,1,22,1,0,1,1,0,11,10,9,0.6677980927732683
73,5.68,0,5,-2.0,0.192926,0,3,0,0,1,1,0,0,1,0,1.8207846535288883
74,5.71,0,24,-1.7,0.19283,0,8,0,0,1,1,0,4,3,7,0.7852914954193713
75,5.82,1,47,4.4,0.192733,1,10,1,0,1,1,0,5,5,6,1.159114386638815
76,5.84,1,17,3.9,0.192637,1,6,1,0,1,1,0,2,2,1,1.2204058645977618
77,5.93,1,41,6.7,0.192541,1,11,1,0,1,1,0,4,5,3,0.6694632520469136
78,5.94,0,6,-5.0,0.192444,0,1,1,0,1,1,0,1,1,0,0.3390258701342215
79,6.0,0,30,4.8,0.192348,0,11,0,0,1,1,0,1,4,2,0.632537556208876
80,6.01,0,7,-0.1,0.192252,0,5,1,0,1,1,0,0,1,1,0.8542511435395002
81,6.05,0,26,0.8,0.192156,0,9,0,0,1,1,0,3,3,2,0.706087350403172
82,6.16,1,48,9.1,0.19206,1,13,1,0,1,1,0,3,5,9,1.2251084288398637
83,6.27,1,52,9.5,0.191964,1,13,2,0,1,1,0,3,7,5,1.0751849648699296
84,6.4,0,55,2.3,0.191868,0,15,0,0,0,1,0,7,7,7,0.8800004827341561
85,6.42,0,15,-2.4,0.191772,0,5,1,0,1,1,0,2,2,4,1.8834202837741183
86,6.49,0,36,3.2,0.191676,0,12,0,0,1,1,0,3,5,8,0.6439837979645779
87,6.51,0,14,-0.2,0.19158,0,5,0,0,1,1,0,0,2,2,0.7865840324932012
88,6.55,0,22,-0.4,0.191484,0,6,0,0,1,1,0,1,3,4,0.4326905774246514
89,6.87,3,117,20.5,0.191389,3,20,3,0,1,1,0,8,14,15,0.8367182338085332
90,6.92,0,30,2.5,0.191293,0,10,1,0,1,1,0,2,4,5,0.5244500382520597
91,7.13,1,82,0.4,0.191197,1,13,2,0,1,1,0,12,8,6,0.8161110477177416
92,7.18,1,28,7.5,0.191102,1,10,1,0,1,1,0,2,3,5,0.7593316469084448
93,7.22,0,21,1.7,0.191006,0,7,0,0,1,1,0,0,3,3,0.9298403477729189
94,7.29,0,31,2.8,0.190911,0,13,0,0,1,1,0,5,4,2,1.3679583569015579
95,7.29,0,6,-3.0,0.190815,0,3,0,0,1,1,0,1,1,0,1.0382357186758617
96,7.51,0,81,1.2,0.19072,0,17,0,0,1,1,0,10,9,8,0.6403809985828345
97,7.53,0,15,-1.1,0.190624,0,6,1,0,1,1,0,2,2,1,0.58270747746726
98,7.62,1,44,16.3,0.190529,1,19,3,0,1,1,0,2,5,7,0.8988703539714069
99,7.65,0,20,0.9,0.190434,0,9,2,0,1,1,0,3,3,1,0.8855150143705188
100,7.69,0,20,0.7,0.190339,0,8,1,0,1,1,0,2,3,3,0.9867091861254563
101,7.76,1,36,16.5,0.190244,1,19,2,0,1,1,0,2,5,5,0.915097168440501
102,7.77,0,8,-5.0,0.190148,0,1,0,0,1,1,0,1,1,0,0.43040719252085746
103,7.86,2,42,9.6,0.190053,2,7,2,0,1,1,0,2,6,4,0.8466383074060774
104,7.87,0,6,-3.0,0.189958,0,3,0,0,1,1,0,1,1,0,0.6416965983020013
105,8.4,4,198,35.5,0.189863,4,38,4,0,1,1,0,16,22,15,0.8444040724250647
106,8.43,0,22,2.7,0.189768,0,8,0,0,1,1,0,0,3,3,1.1592105837351825
107,8.45,0,13,1.7,0.189673,0,7,0,0,1,1,0,0,2,3,0.9543905399755666
108,8.47,0,13,-1.2,0.189579,0,4,0,0,1,1,0,0,2,2,0.6515300536184121
109,8.57,0,46,4.5,0.189484,0,15,1,0,1,1,0,5,6,5,0.6102113930841873
110,8.58,0,6,-3.1,0.189389,0,2,1,0,1,1,0,0,1,1,0.3242210154292697
111,8.59,0,6,-4.1,0.189294,0,3,0,0,1,1,0,2,1,1,0.667293294603466
112,8.67,1,45,1.8,0.1892,1,8,1,0,0,1,0,6,3,2,1.2842661041133896
113,8.9,0,78,10.2,0.189105,0,25,0,0,1,1,0,9,9,8,0.9093422955440087
114,8.91,0,7,-2.0,0.189011,0,3,0,0,1,1,0,0,1,0,0.37412132115042834
115,8.94,0,21,-0.1,0.188916,0,6,0,0,1,1,0,1,3,1,0.38149559412440215
116,9.0,0,37,3.5,0.188822,0,13,0,0,1,1,0,4,5,5,0.6632690884666583
117,9.01,0,6,-3.0,0.188727,0,3,0,0,1,1,0,1,1,0,0.49089054124594195
118,9.03,0,21,0.8,0.188633,0,9,1,0,1,1,0,3,3,2,0.9024403864604489
119,9.14,0,48,2.3,0.188539,0,15,0,0,1,1,0,7,6,7,0.8609130103776416
120,9.33,0,77,16.6,0.188444,0,25,0,0,1,1,0,3,10,4,0.6435868701255067
121,9.39,0,30,4.7,0.18835,0,12,1,0,1,1,0,2,4,3,0.9338773503908031
122,9.58,0,84,6.1,0.188256,0,21,0,0,1,1,0,9,10,9,1.185699062322105
123,9.59,0,7,-3.4,0.188162,0,3,0,0,1,1,0,1,1,4,2.876509752065632
124,9.71,1,49,12.4,0.188068,1,15,2,0,1,1,0,2,6,6,0.9587190718704997
125,9.73,0,13,-0.1,0.187974,0,7,0,0,1,1,0,2,2,1,0.8360254704691462
126,9.74,0,7,-4.0,0.18788,0,3,1,0,1,1,0,2,1,0,0.45331238151473385
127,9.76,0,15,-0.2,0.187786,0,6,1,0,1,1,0,1,2,2,1.226202706153279
128,10.01,4,130,29.0,0.187692,4,24,2,0,1,1,0,9,13,10,0.8085370836515423
129,10.14,1,51,14.1,0.187598,1,20,1,0,1,1,0,5,6,9,0.9329535365811855
130,10.28,1,54,10.6,0.187504,1,14,3,0,1,1,0,3,7,4,0.9736988226737404
131,10.28,0,7,-2.0,0.18741,0,3,0,0,1,1,0,0,1,0,0.3754554661442308
132,10.29,0,6,-4.0,0.187317,0,2,0,0,1,1,0,1,1,0,0.2834033145416421
133,10.32,1,18,2.9,0.187223,1,4,2,0,1,1,0,1,2,1,0.8281976606856956
134,10.33,0,6,-4.1,0.187129,0,3,0,0,1,1,0,2,1,1,0.8238840421758867
135,10.34,0,15,-1.2,0.187036,0,5,0,0,1,1,0,1,2,2,0.498600264328482
136,10.36,0,13,-0.2,0.186942,0,7,0,0,1,1,0,2,2,2,1.495198227364078
137,10.48,0,47,9.4,0.186849,0,16,0,0,1,1,0,1,6,6,0.6582267545516124
138,10.49,0,7,-1.3,0.186755,0,4,0,0,1,1,0,0,1,3,2.319137061122519
139,10.5,0,5,-4.1,0.186662,0,3,0,0,1,1,0,2,1,1,1.3820973598567026
140,10.59,1,25,0.7,0.186569,1,4,1,0,1,1,0,3,3,3,1.351527815946481
141,10.8,1,96,23.3,0.186475,1,29,3,0,1,1,0,5,12,7,0.7955540233482782
142,10.81,0,6,-4.0,0.186382,0,2,0,0,1,1,0,1,1,0,0.25363362329969846
143,10.87,0,35,4.3,0.186289,0,17,0,0,1,1,0,7,4,7,1.2537954446725528
144,10.96,2,49,15.1,0.186196,2,14,1,0,1,1,0,3,6,9,1.2340395444954784
145,11.0,0,28,3.7,0.186103,0,10,0,0,1,1,0,1,4,3,0.9083094863321832
146,11.01,0,6,-2.1,0.18601,0,3,0,0,1,1,0,0,1,1,0.5084474109838376
147,11.03,1,18,3.9,0.185917,1,5,1,0,1,1,0,1,2,1,1.276696013951102
148,11.1,0,35,4.6,0.185824,0,12,1,0,1,1,0,2,5,4,0.7513439754623691
149,11.1,0,7,-3.0,0.185731,0,2,0,0,1,1,0,0,1,0,0.2713390795833934
150,11.15,0,29,3.8,0.185638,0,12,1,0,1,1,0,3,4,2,0.7687195031435272
151,11.21,0,30,2.9,0.185545,0,11,0,0,1,1,0,3,4,1,1.2468563002199031
152,11.23,0,13,-1.3,0.185452,0,6,1,0,1,1,0,2,2,3,0.6367856886347089
153,11.24,0,14,0.8,0.18536,0,8,0,0,1,1,0,2,2,2,1.0295486168000012
154,11.39,0,67,8.4,0.185267,0,19,0,0,1,1,0,5,9,6,0.8130310652066154
155,11.47,0,41,2.4,0.185174,0,14,1,0,1,1,0,6,5,6,0.9835537948470258
156,11.51,0,25,-4.2,0.185082,0,7,0,0,1,1,0,6,3,2,1.2867455399187469
157,11.57,0,30,-0.2,0.184989,0,10,1,0,1,1,0,5,4,2,0.9457137460584237
158,11.78,1,87,13.9,0.184897,1,27,2,0,1,1,0,12,10,11,0.9851096834126857
159,11.84,2,35,8.7,0.184804,2,8,2,0,1,1,0,4,4,3,1.195118931598805
160,11.9,1,30,5.4,0.184712,1,10,2,0,1,1,0,4,4,6,0.8143745953314332
161,11.92,0,15,-3.2,0.18462,0,5,0,0,1,1,0,3,2,2,0.6957824579063246
162,11.93,0,5,-3.3,0.184527,0,2,0,0,1,1,0,0,1,3,2.4793202442047533
163,11.95,0,14,1.6,0.184435,0,8,0,0,1,1,0,1,2,4,1.0909737539478435
164,12.07,1,54,14.4,0.184343,1,18,1,0,1,1,0,3,7,6,1.0544048106860795
165,12.23,0,73,-4.6,0.184251,0,10,1,0,1,1,0,9,9,6,0.8602908152626494
166,12.43,4,76,26.5,0.184158,4,21,4,0,1,1,0,9,7,5,1.023288663652016
167,12.48,1,31,6.7,0.184066,1,11,2,0,1,1,0,4,4,3,0.9258191090017597
168,12.51,0,20,3.8,0.183974,0,10,1,0,1,1,0,1,3,2,0.5290240523407794
169,12.55,0,25,-1.4,0.183882,0,8,0,0,1,1,0,4,3,4,0.597792218548137
170,12.6,0,32,4.4,0.18379,0,14,0,0,1,1,0,4,4,6,0.8396350853765988
171,12.61,0,7,-5.0,0.183699,0,2,0,0,1,1,0,2,1,0,0.4444171810857029
172,12.66,2,30,12.9,0.183607,2,8,2,0,1,1,0,0,3,1,0.6953037486574224
173,12.68,0,13,-3.3,0.183515,0,6,0,0,1,1,0,4,2,3,1.0069276420084738
174,12.71,0,21,1.8,0.183423,0,10,0,0,1,1,0,3,3,2,0.5721091645607602
175,12.72,0,6,-3.1,0.183331,0,2,0,0,1,1,0,0,1,1,0.25406193341521927
176,12.75,0,21,-0.1,0.18324,0,8,0,0,1,1,0,3,3,1,1.1561035176940113
177,12.94,0,75,6.6,0.183148,0,19,0,0,1,1,0,6,9,14,0.5232563089886526
178,12.96,0,13,-1.0,0.183057,0,7,0,0,1,1,0,3,2,0,0.9768824489050156
179,12.99,0,16,-2.1,0.182965,0,6,0,0,1,1,0,3,2,1,1.05831735983488
180,13.08,2,41,16.5,0.182874,2,14,2,0,1,1,0,2,5,5,1.2598713011710108
181,13.12,0,26,2.6,0.182782,0,10,0,0,1,1,0,2,3,4,1.2921539167188976
182,13.16,1,28,11.7,0.182691,1,13,1,0,1,1,0,1,3,3,1.0592404231332093
183,13.17,0,7,-2.0,0.182599,0,3,0,0,1,1,0,0,1,0,0.3884991399070093
184,13.24,1,33,4.4,0.182508,1,7,1,0,1,1,0,2,4,6,0.7164773317096129
185,13.26,1,16,3.5,0.182417,1,5,2,0,1,1,0,1,2,5,0.9933409549318112
186,13.29,0,20,0.9,0.182326,0,6,0,0,1,1,0,0,3,1,0.5753697595944849
187,13.35,0,33,0.9,0.182234,0,10,0,0,1,1,0,4,4,1,0.8804349145020964
188,13.68,1,106,12.6,0.182143,1,21,0,0,0,1,0,7,13,14,0.9275050063264507
189,13.69,0,7,-4.2,0.182052,0,3,1,0,1,1,0,2,1,2,1.1497856747568846
190,13.73,0,31,0.6,0.181961,0,9,0,0,1,1,0,3,4,4,0.8711621825359483
191,13.88,1,65,6.7,0.18187,1,12,1,0,1,1,0,5,7,3,0.9079598912433123
192,13.92,0,29,0.5,0.181779,0,10,0,0,1,1,0,4,4,5,0.7540798636910464
193,14.0,1,42,9.8,0.181688,1,14,1,0,1,1,0,4,5,2,0.8059299593247784
194,14.04,0,22,-0.2,0.181598,0,8,0,0,1,1,0,3,3,2,1.071913979466977
195,14.12,1,37,5.8,0.181507,1,12,1,0,1,1,0,6,5,2,0.9243097438686027
196,14.16,0,21,0.6,0.181416,0,8,0,0,1,1,0,2,3,4,0.7415016638264802
197,14.32,1,66,8.5,0.181325,1,18,1,0,1,1,0,9,8,5,0.931849301834784
198,14.33,0,5,-1.3,0.181235,0,4,0,0,1,1,0,0,1,3,2.6200968161322122
199,14.41,0,40,-0.4,0.181144,0,11,1,0,1,1,0,6,5,4,0.7401983721593144
200,14.44,0,16,-1.2,0.181053,0,6,0,0,1,1,0,2,2,2,0.9242685530517378
