round,seed,slot,agent,code,survived,round_steps,score,coins,kills,suicides,crates,bombs,moves,invalid,steps,time,think_mean_ms,think_max_ms,think_over_limit,died,killed_by_opponent,rank,won
0,990731,0,ext_xiaoxiae_binary_v6,ext_xiaoxiae_binary_v6,1,400,9,4,1,0,36,42,295,1,400,0.4546792507171631,1.1367,4.2439,0,0,0,1,1
0,990731,1,rule_based_agent_0,rule_based_agent,0,400,3,3,0,1,25,8,63,4,75,0.02390313148498535,0.3187,0.6361,0,1,0,2,0
0,990731,2,rule_based_agent_1,rule_based_agent,0,400,1,1,0,1,35,16,154,5,175,0.05897212028503418,0.337,0.9041,0,1,0,3,0
0,990731,3,rule_based_agent_2,rule_based_agent,0,400,1,1,0,1,26,8,77,1,86,0.028985023498535156,0.337,0.6101,0,1,0,3,0
1,990732,0,ext_xiaoxiae_binary_v6,ext_xiaoxiae_binary_v6,1,400,3,3,0,0,19,35,346,6,400,0.7525537014007568,1.8814,6.6178,0,0,0,1,1
1,990732,1,rule_based_agent_0,rule_based_agent,0,400,3,3,0,1,42,21,196,3,220,0.09846258163452148,0.4476,1.3859,0,1,0,1,1
1,990732,2,rule_based_agent_1,rule_based_agent,1,400,2,2,0,0,24,31,353,16,400,0.23609542846679688,0.5902,1.5061,0,0,0,3,0
1,990732,3,rule_based_agent_2,rule_based_agent,1,400,1,1,0,0,28,30,353,17,400,0.21094703674316406,0.5274,1.4362,0,0,0,4,0
2,990733,0,ext_xiaoxiae_binary_v6,ext_xiaoxiae_binary_v6,1,400,9,4,1,0,32,38,351,2,400,0.6625974178314209,1.6565,5.5931,0,0,0,1,1
2,990733,1,rule_based_agent_0,rule_based_agent,0,400,2,2,0,1,20,6,47,4,57,0.017500877380371094,0.307,0.747,0,1,0,2,0
2,990733,2,rule_based_agent_1,rule_based_agent,0,400,1,1,0,0,21,6,39,2,47,0.014803647994995117,0.315,0.6101,0,1,1,4,0
2,990733,3,rule_based_agent_2,rule_based_agent,1,400,2,2,0,0,51,28,365,7,400,0.21178865432739258,0.5295,1.6119,0,0,0,2,0
3,990734,0,ext_xiaoxiae_binary_v6,ext_xiaoxiae_binary_v6,1,400,3,3,0,0,49,42,312,3,400,0.5344545841217041,1.3361,4.741,0,0,0,2,0
3,990734,1,rule_based_agent_0,rule_based_agent,0,400,2,2,0,1,30,14,131,10,155,0.0675349235534668,0.4357,1.6041,0,1,0,3,0
3,990734,2,rule_based_agent_1,rule_based_agent,0,400,4,4,0,1,20,6,43,5,54,0.014980554580688477,0.2774,0.627,0,1,0,1,1
3,990734,3,rule_based_agent_2,rule_based_agent,0,400,0,0,0,1,19,9,72,2,83,0.02709221839904785,0.3264,0.633,0,1,0,4,0
4,990735,0,ext_xiaoxiae_binary_v6,ext_xiaoxiae_binary_v6,0,400,2,2,0,0,16,8,117,2,134,0.2221999168395996,1.6582,5.399,0,1,1,3,0
4,990735,1,rule_based_agent_0,rule_based_agent,1,400,3,3,0,0,41,35,351,13,400,0.2515676021575928,0.6289,1.476,0,0,0,2,0
4,990735,2,rule_based_agent_1,rule_based_agent,1,400,13,3,2,0,41,38,346,15,400,0.24002313613891602,0.6001,1.7161,0,0,0,1,1
4,990735,3,rule_based_agent_2,rule_based_agent,0,400,1,1,0,1,25,11,97,4,112,0.051259517669677734,0.4577,1.698,0,1,0,4,0
5,990736,0,ext_xiaoxiae_binary_v6,ext_xiaoxiae_binary_v6,0,179,1,1,0,0,13,14,117,1,139,0.21223735809326172,1.5269,5.2903,0,1,1,3,0
5,990736,1,rule_based_agent_0,rule_based_agent,0,179,3,3,0,1,31,15,131,9,155,0.060353755950927734,0.3894,1.0812,0,1,0,2,0
5,990736,2,rule_based_agent_1,rule_based_agent,0,179,8,3,1,1,34,17,155,7,179,0.06418013572692871,0.3585,1.4918,0,1,0,1,1
5,990736,3,rule_based_agent_2,rule_based_agent,0,179,0,0,0,1,31,17,156,5,178,0.07140445709228516,0.4011,1.4904,0,1,0,4,0
6,990737,0,ext_xiaoxiae_binary_v6,ext_xiaoxiae_binary_v6,1,400,15,5,2,0,24,41,298,2,400,0.5333652496337891,1.3334,4.9198,0,0,0,1,1
6,990737,1,rule_based_agent_0,rule_based_agent,0,400,2,2,0,0,37,17,179,8,204,0.11302733421325684,0.5541,1.5547,0,1,1,2,0
6,990737,2,rule_based_agent_1,rule_based_agent,0,400,2,2,0,1,30,14,159,6,179,0.10575175285339355,0.5908,1.5891,0,1,0,2,0
6,990737,3,rule_based_agent_2,rule_based_agent,0,400,0,0,0,1,32,10,75,4,89,0.02853536605834961,0.3206,1.3897,0,1,0,4,0
7,990738,0,ext_xiaoxiae_binary_v6,ext_xiaoxiae_binary_v6,0,282,1,1,0,1,12,6,41,2,56,0.05987119674682617,1.0691,3.413,0,1,0,3,0
7,990738,1,rule_based_agent_0,rule_based_agent,0,282,1,1,0,1,15,10,91,6,107,0.05316638946533203,0.4969,1.5459,0,1,0,3,0
7,990738,2,rule_based_agent_1,rule_based_agent,0,282,4,4,0,1,37,13,133,6,152,0.06050705909729004,0.3981,1.4172,0,1,0,1,1
7,990738,3,rule_based_agent_2,rule_based_agent,1,282,3,3,0,0,63,27,248,3,282,0.21486115455627441,0.7619,1.6289,0,0,0,2,0
8,990739,0,ext_xiaoxiae_binary_v6,ext_xiaoxiae_binary_v6,1,400,11,6,1,0,31,40,295,2,400,0.5208311080932617,1.3021,4.482,0,0,0,1,1
8,990739,1,rule_based_agent_0,rule_based_agent,0,400,3,3,0,1,41,18,201,10,229,0.08684325218200684,0.3792,1.3392,0,1,0,2,0
8,990739,2,rule_based_agent_1,rule_based_agent,0,400,0,0,0,0,22,9,76,2,87,0.028509140014648438,0.3277,0.6001,0,1,1,3,0
8,990739,3,rule_based_agent_2,rule_based_agent,0,400,0,0,0,1,21,7,54,4,65,0.019751548767089844,0.3039,0.5729,0,1,0,3,0
9,990740,0,ext_xiaoxiae_binary_v6,ext_xiaoxiae_binary_v6,0,400,2,2,0,1,20,7,86,0,102,0.18384575843811035,1.8024,4.7359,0,1,0,2,0
9,990740,1,rule_based_agent_0,rule_based_agent,1,400,2,2,0,0,32,33,352,14,400,0.24707245826721191,0.6177,1.4741,0,0,0,2,0
9,990740,2,rule_based_agent_1,rule_based_agent,0,400,2,2,0,1,30,19,196,7,222,0.11651730537414551,0.5249,1.3859,0,1,0,2,0
9,990740,3,rule_based_agent_2,rule_based_agent,1,400,3,3,0,0,38,33,357,10,400,0.23797106742858887,0.5949,1.4353,0,0,0,1,1
10,990741,0,ext_xiaoxiae_binary_v6,ext_xiaoxiae_binary_v6,0,236,2,2,0,1,12,5,49,1,63,0.10266923904418945,1.6297,4.384,0,1,0,3,0
10,990741,1,rule_based_agent_0,rule_based_agent,0,236,3,3,0,1,35,13,105,5,123,0.03729057312011719,0.3032,0.8929,0,1,0,1,1
10,990741,2,rule_based_agent_1,rule_based_agent,0,236,1,1,0,1,12,8,115,3,126,0.060552120208740234,0.4806,1.312,0,1,0,4,0
10,990741,3,rule_based_agent_2,rule_based_agent,1,236,3,3,0,0,61,22,213,1,236,0.15574145317077637,0.6599,1.4892,0,0,0,1,1
11,990742,0,ext_xiaoxiae_binary_v6,ext_xiaoxiae_binary_v6,0,400,3,3,0,1,15,6,79,1,91,0.14388608932495117,1.5812,4.6279,0,1,0,1,1
11,990742,1,rule_based_agent_0,rule_based_agent,0,400,2,2,0,1,28,10,100,4,114,0.052713632583618164,0.4624,1.6699,0,1,0,3,0
11,990742,2,rule_based_agent_1,rule_based_agent,1,400,3,3,0,0,46,36,355,9,400,0.25150370597839355,0.6288,1.651,0,0,0,1,1
11,990742,3,rule_based_agent_2,rule_based_agent,1,400,1,1,0,0,30,34,361,5,400,0.2411487102508545,0.6029,1.6599,0,0,0,4,0
12,990743,0,ext_xiaoxiae_binary_v6,ext_xiaoxiae_binary_v6,1,400,16,6,2,0,18,35,347,4,400,0.768934965133667,1.9223,5.646,0,0,0,1,1
12,990743,1,rule_based_agent_0,rule_based_agent,0,400,2,2,0,1,33,11,121,10,142,0.06513381004333496,0.4587,1.6141,0,1,0,2,0
12,990743,2,rule_based_agent_1,rule_based_agent,0,400,0,0,0,0,39,26,305,15,346,0.20040416717529297,0.5792,1.5883,0,1,1,4,0
12,990743,3,rule_based_agent_2,rule_based_agent,1,400,1,1,0,0,33,26,369,5,400,0.2177894115447998,0.5445,1.379,0,0,0,3,0
13,990744,0,ext_xiaoxiae_binary_v6,ext_xiaoxiae_binary_v6,0,301,2,2,0,1,14,7,58,0,71,0.09637808799743652,1.3574,3.5269,0,1,0,2,0
13,990744,1,rule_based_agent_0,rule_based_agent,0,301,2,2,0,1,36,28,227,9,264,0.1482560634613037,0.5616,1.4479,0,1,0,2,0
13,990744,2,rule_based_agent_1,rule_based_agent,1,301,5,5,0,0,47,25,266,6,301,0.17698907852172852,0.588,1.435,0,0,0,1,1
13,990744,3,rule_based_agent_2,rule_based_agent,0,301,0,0,0,1,26,8,61,3,72,0.024326801300048828,0.3379,0.7513,0,1,0,4,0
14,990745,0,ext_xiaoxiae_binary_v6,ext_xiaoxiae_binary_v6,1,400,8,3,1,0,26,46,247,2,400,0.3911566734313965,0.9779,4.9489,0,0,0,2,0
14,990745,1,rule_based_agent_0,rule_based_agent,0,400,9,4,1,1,30,17,173,5,195,0.11565494537353516,0.5931,1.621,0,1,0,1,1
14,990745,2,rule_based_agent_1,rule_based_agent,0,400,1,1,0,0,31,9,86,4,99,0.03147697448730469,0.3179,0.783,0,1,1,3,0
14,990745,3,rule_based_agent_2,rule_based_agent,0,400,1,1,0,0,43,18,173,4,195,0.07587838172912598,0.3891,1.298,0,1,1,3,0
15,990746,0,ext_xiaoxiae_binary_v6,ext_xiaoxiae_binary_v6,0,400,7,2,1,1,28,8,60,1,79,0.10054969787597656,1.2728,4.241,0,1,0,1,1
15,990746,1,rule_based_agent_0,rule_based_agent,0,400,0,0,0,0,20,7,70,2,79,0.03156447410583496,0.3996,0.9301,0,1,1,4,0
15,990746,2,rule_based_agent_1,rule_based_agent,1,400,6,6,0,0,38,37,349,14,400,0.20437049865722656,0.5109,1.7512,0,0,0,2,0
15,990746,3,rule_based_agent_2,rule_based_agent,1,400,1,1,0,0,32,34,359,7,400,0.1964433193206787,0.4911,1.3549,0,0,0,3,0
16,990747,0,ext_xiaoxiae_binary_v6,ext_xiaoxiae_binary_v6,0,234,8,3,1,1,11,19,195,4,228,0.43233656883239746,1.8962,5.6281,0,1,0,1,1
16,990747,1,rule_based_agent_0,rule_based_agent,0,234,3,3,0,1,37,12,117,3,132,0.05748891830444336,0.4355,1.4482,0,1,0,2,0
16,990747,2,rule_based_agent_1,rule_based_agent,0,234,0,0,0,0,21,9,68,1,78,0.025226116180419922,0.3234,0.7207,0,1,1,4,0
16,990747,3,rule_based_agent_2,rule_based_agent,1,234,3,3,0,0,46,19,207,3,234,0.1423637866973877,0.6084,1.5578,0,0,0,2,0
17,990748,0,ext_xiaoxiae_binary_v6,ext_xiaoxiae_binary_v6,0,400,3,3,0,1,27,12,117,1,138,0.2488110065460205,1.803,36.926,0,1,0,1,1
17,990748,1,rule_based_agent_0,rule_based_agent,1,400,3,3,0,0,40,33,357,10,400,0.20512151718139648,0.5128,1.5159,0,0,0,1,1
17,990748,2,rule_based_agent_1,rule_based_agent,1,400,2,2,0,0,29,31,358,11,400,0.21745085716247559,0.5436,1.3902,0,0,0,3,0
17,990748,3,rule_based_agent_2,rule_based_agent,0,400,1,1,0,1,23,8,56,1,65,0.02011585235595703,0.3095,1.0331,0,1,0,4,0
18,990749,0,ext_xiaoxiae_binary_v6,ext_xiaoxiae_binary_v6,1,400,6,6,0,0,46,43,275,0,400,0.43173933029174805,1.0793,4.4,0,0,0,1,1
18,990749,1,rule_based_agent_0,rule_based_agent,0,400,0,0,0,1,17,6,34,3,43,0.010943889617919922,0.2545,0.5889,0,1,0,4,0
18,990749,2,rule_based_agent_1,rule_based_agent,0,400,2,2,0,1,19,6,55,5,66,0.018769025802612305,0.2844,0.5629,0,1,0,2,0
18,990749,3,rule_based_agent_2,rule_based_agent,0,400,1,1,0,1,38,10,100,3,113,0.04233288764953613,0.3746,0.994,0,1,0,3,0
19,990750,0,ext_xiaoxiae_binary_v6,ext_xiaoxiae_binary_v6,1,400,15,5,2,0,30,36,334,1,400,0.6398959159851074,1.5997,5.758,0,0,0,1,1
19,990750,1,rule_based_agent_0,rule_based_agent,0,400,0,0,0,1,30,15,147,9,171,0.07811474800109863,0.4568,1.5211,0,1,0,4,0
19,990750,2,rule_based_agent_1,rule_based_agent,0,400,1,1,0,0,25,10,82,4,96,0.03142523765563965,0.3273,1.6122,0,1,1,3,0
19,990750,3,rule_based_agent_2,rule_based_agent,0,400,3,3,0,0,40,20,252,6,278,0.15398001670837402,0.5539,1.713,0,1,1,2,0
20,990751,0,ext_xiaoxiae_binary_v6,ext_xiaoxiae_binary_v6,0,237,1,1,0,1,19,13,93,6,123,0.1516730785369873,1.2331,4.0562,0,1,0,3,0
20,990751,1,rule_based_agent_0,rule_based_agent,1,237,9,4,1,0,54,20,210,3,237,0.1403822898864746,0.5923,1.3897,0,0,0,1,1
20,990751,2,rule_based_agent_1,rule_based_agent,0,237,3,3,0,1,34,11,121,5,137,0.05291175842285156,0.3862,1.5478,0,1,0,2,0
20,990751,3,rule_based_agent_2,rule_based_agent,0,237,1,1,0,1,14,11,107,7,125,0.042104482650756836,0.3368,0.8461,0,1,0,3,0
21,990752,0,ext_xiaoxiae_binary_v6,ext_xiaoxiae_binary_v6,1,400,6,6,0,0,37,42,321,3,400,0.5310478210449219,1.3276,4.8089,0,0,0,1,1
21,990752,1,rule_based_agent_0,rule_based_agent,0,400,0,0,0,1,31,18,193,8,219,0.11542582511901855,0.5271,1.6842,0,1,0,4,0
21,990752,2,rule_based_agent_1,rule_based_agent,0,400,1,1,0,1,24,11,114,4,129,0.0841207504272461,0.6521,1.72,0,1,0,3,0
21,990752,3,rule_based_agent_2,rule_based_agent,0,400,2,2,0,1,28,15,141,14,170,0.10796308517456055,0.6351,1.677,0,1,0,2,0
22,990753,0,ext_xiaoxiae_binary_v6,ext_xiaoxiae_binary_v6,1,400,7,7,0,0,59,48,245,0,400,0.33693695068359375,0.8423,5.141,0,0,0,1,1
22,990753,1,rule_based_agent_0,rule_based_agent,0,400,0,0,0,1,15,5,39,2,46,0.01637125015258789,0.3559,0.7792,0,1,0,4,0
22,990753,2,rule_based_agent_1,rule_based_agent,0,400,1,1,0,1,23,7,47,4,58,0.01679396629333496,0.2896,0.7949,0,1,0,2,0
22,990753,3,rule_based_agent_2,rule_based_agent,0,400,1,1,0,1,24,8,63,4,75,0.024689435958862305,0.3292,0.772,0,1,0,2,0
23,990754,0,ext_xiaoxiae_binary_v6,ext_xiaoxiae_binary_v6,0,400,0,0,0,1,19,13,127,2,149,0.24022531509399414,1.6123,4.8208,0,1,0,4,0
23,990754,1,rule_based_agent_0,rule_based_agent,1,400,4,4,0,0,27,36,356,8,400,0.23032474517822266,0.5758,1.5669,0,0,0,1,1
23,990754,2,rule_based_agent_1,rule_based_agent,1,400,4,4,0,0,47,36,357,7,400,0.19942903518676758,0.4986,1.4379,0,0,0,1,1
23,990754,3,rule_based_agent_2,rule_based_agent,0,400,1,1,0,1,30,9,73,3,85,0.02586674690246582,0.3043,0.854,0,1,0,3,0
24,990755,0,ext_xiaoxiae_binary_v6,ext_xiaoxiae_binary_v6,1,400,10,5,1,0,24,44,270,2,400,0.5182151794433594,1.2955,5.5821,0,0,0,1,1
24,990755,1,rule_based_agent_0,rule_based_agent,0,400,1,1,0,1,23,6,47,5,58,0.015925168991088867,0.2746,0.545,0,1,0,3,0
24,990755,2,rule_based_agent_1,rule_based_agent,0,400,0,0,0,0,43,19,203,7,229,0.14377808570861816,0.6279,1.5388,0,1,1,4,0
24,990755,3,rule_based_agent_2,rule_based_agent,0,400,3,3,0,1,33,14,151,5,170,0.06878519058227539,0.4046,1.4031,0,1,0,2,0
25,990756,0,ext_xiaoxiae_binary_v6,ext_xiaoxiae_binary_v6,1,396,6,6,0,0,18,35,331,7,396,0.6459856033325195,1.6313,4.786,0,0,0,1,1
25,990756,1,rule_based_agent_0,rule_based_agent,0,396,0,0,0,1,29,7,53,3,63,0.01938772201538086,0.3077,0.6032,0,1,0,4,0
25,990756,2,rule_based_agent_1,rule_based_agent,0,396,2,2,0,1,47,27,323,8,358,0.17454934120178223,0.4876,1.3998,0,1,0,2,0
25,990756,3,rule_based_agent_2,rule_based_agent,0,396,1,1,0,1,37,19,239,8,266,0.1409296989440918,0.5298,1.4389,0,1,0,3,0
26,990757,0,ext_xiaoxiae_binary_v6,ext_xiaoxiae_binary_v6,0,400,5,5,0,1,23,32,317,6,364,0.5953221321105957,1.6355,5.136,0,1,0,1,1
26,990757,1,rule_based_agent_0,rule_based_agent,0,400,2,2,0,1,21,16,151,11,178,0.07056760787963867,0.3964,1.0071,0,1,0,2,0
26,990757,2,rule_based_agent_1,rule_based_agent,1,400,1,1,0,0,44,34,349,17,400,0.2059154510498047,0.5148,1.4467,0,0,0,3,0
26,990757,3,rule_based_agent_2,rule_based_agent,1,400,1,1,0,0,31,34,356,10,400,0.22841477394104004,0.571,1.4191,0,0,0,3,0
27,990758,0,ext_xiaoxiae_binary_v6,ext_xiaoxiae_binary_v6,1,400,12,2,2,0,18,38,331,2,400,0.7634968757629395,1.9087,5.4088,0,0,0,1,1
27,990758,1,rule_based_agent_0,rule_based_agent,0,400,7,2,1,1,39,13,127,3,143,0.06250381469726562,0.4371,1.5132,0,1,0,2,0
27,990758,2,rule_based_agent_1,rule_based_agent,0,400,3,3,0,0,42,21,321,10,352,0.2333972454071045,0.6631,1.543,0,1,1,3,0
27,990758,3,rule_based_agent_2,rule_based_agent,0,400,2,2,0,0,24,10,88,5,103,0.03804206848144531,0.3693,1.5218,0,1,1,4,0
28,990759,0,ext_xiaoxiae_binary_v6,ext_xiaoxiae_binary_v6,0,278,2,2,0,1,21,18,155,2,185,0.28520965576171875,1.5417,4.998,0,1,0,3,0
28,990759,1,rule_based_agent_0,rule_based_agent,1,278,10,5,1,0,41,23,246,5,278,0.16366338729858398,0.5887,1.651,0,0,0,2,0
28,990759,2,rule_based_agent_1,rule_based_agent,0,278,0,0,0,1,17,8,91,4,103,0.04202890396118164,0.408,1.2679,0,1,0,4,0
28,990759,3,rule_based_agent_2,rule_based_agent,0,278,12,2,2,1,43,23,192,6,221,0.11191058158874512,0.5064,1.6692,0,1,0,1,1
29,990760,0,ext_xiaoxiae_binary_v6,ext_xiaoxiae_binary_v6,0,277,4,4,0,1,19,10,119,1,140,0.2559070587158203,1.8279,5.0077,0,1,0,1,1
29,990760,1,rule_based_agent_0,rule_based_agent,0,277,2,2,0,1,25,8,56,5,69,0.020537853240966797,0.2977,0.6058,0,1,0,3,0
29,990760,2,rule_based_agent_1,rule_based_agent,0,277,0,0,0,1,26,8,53,5,66,0.01867985725402832,0.283,0.5751,0,1,0,4,0
29,990760,3,rule_based_agent_2,rule_based_agent,1,277,3,3,0,0,52,23,249,5,277,0.20256590843200684,0.7313,1.4479,0,0,0,2,0
