episode,wall_clock_s,score,steps,reward,epsilon,COIN_COLLECTED,CRATE_DESTROYED,COIN_FOUND,KILLED_OPPONENT,KILLED_SELF,GOT_KILLED,SURVIVED_ROUND,INVALID_ACTION,BOMB_DROPPED,WAITED,mean_loss,buffer_size
1,0.9,5,400,-72.05,0.99619,5,0,0,0,0,0,1,114,0,95,nan,401
2,0.96,20,400,-60.55,0.992381,20,0,0,0,0,0,1,121,0,75,nan,802
3,4.41,25,400,-55.05,0.988572,25,0,0,0,0,0,1,120,0,68,0.04996064752705541,1203
4,7.6,8,400,-85.55,0.984762,8,0,0,0,0,0,1,147,0,76,0.04607840951188395,1604
5,11.0,20,400,-60.05,0.980953,20,0,0,0,0,0,1,120,0,84,0.04241841953442876,2005
1,0.29,14,400,-67.5,0.9962,14,0,0,0,0,0,1,123,0,76,nan,400
1,0.14,14,400,-65.5,0.9962,14,0,0,0,0,0,1,119,0,79,nan,400
2,0.19,11,400,-75.5,0.9924,11,0,0,0,0,0,1,133,0,83,nan,800
3,1.81,18,400,-57.0,0.9886,18,0,0,0,0,0,1,110,0,82,0.046380528540753606,1200
4,4.92,13,400,-56.5,0.9848,13,0,0,0,0,0,1,99,0,81,0.04083709757775068,1600
5,8.31,10,400,-73.5,0.981,10,0,0,0,0,0,1,127,0,93,0.025637914187973364,2000
6,11.76,16,400,-57.0,0.9772,16,0,0,0,0,0,1,106,0,72,0.027553491977741942,2400
7,15.22,18,400,-59.5,0.9734,18,0,0,0,0,0,1,115,0,71,0.025398869125638157,2800
8,18.79,17,400,-60.0,0.9696,17,0,0,0,0,0,1,114,0,78,0.023511736931395716,3200
9,22.17,14,400,-69.5,0.9658,14,0,0,0,0,0,1,127,0,73,0.02095034120546188,3600
10,25.57,21,400,-61.0,0.962,21,0,0,0,0,0,1,124,0,74,0.019171371709671804,4000
11,29.08,12,400,-73.5,0.9582,12,0,0,0,0,0,1,131,0,82,0.018119812441873363,4400
12,32.46,21,400,-56.5,0.9544,21,0,0,0,0,0,1,115,0,73,0.01859102062502643,4800
13,36.02,22,400,-58.5,0.9506,22,0,0,0,0,0,1,121,0,77,0.018928466222132557,5200
14,39.54,27,400,-52.0,0.9468,27,0,0,0,0,0,1,118,0,73,0.01857191270100884,5600
15,43.09,19,400,-52.5,0.943,19,0,0,0,0,0,1,103,0,67,0.019068792545585894,6000
16,46.4,19,400,-57.5,0.9392,19,0,0,0,0,0,1,113,0,67,0.018696369348326698,6400
17,49.78,21,400,-57.0,0.9354,21,0,0,0,0,0,1,116,0,65,0.018080816787551156,6800
18,53.09,25,400,-46.0,0.9316,25,0,0,0,0,0,1,102,0,75,0.0188032399880467,7200
19,56.54,22,400,-50.5,0.9278,22,0,0,0,0,0,1,105,0,69,0.020022613661712967,7600
20,60.0,14,400,-51.5,0.924,14,0,0,0,0,0,1,91,0,78,0.018945124081219546,8000
21,63.4,17,400,-60.5,0.9202,17,0,0,0,0,0,1,115,0,64,0.019608709794702008,8400
22,66.73,19,400,-60.5,0.9164,19,0,0,0,0,0,1,119,0,64,0.01963110230746679,8800
23,70.04,18,400,-48.0,0.9126,18,0,0,0,0,0,1,92,0,77,0.019570487836026586,9200
24,73.47,13,400,-55.5,0.9088,13,0,0,0,0,0,1,97,0,80,0.01888340305245947,9600
25,77.1,13,400,-59.5,0.905,13,0,0,0,0,0,1,105,0,62,0.019082249204511754,10000
26,80.56,19,400,-50.5,0.9012,19,0,0,0,0,0,1,99,0,75,0.019604629322420807,10400
27,84.1,19,400,-46.0,0.8974,19,0,0,0,0,0,1,90,0,77,0.01805470037041232,10800
28,87.41,12,400,-57.0,0.8936,12,0,0,0,0,0,1,98,0,60,0.020120672746561468,11200
29,91.08,13,400,-53.5,0.8898,13,0,0,0,0,0,1,93,0,68,0.01919902134104632,11600
30,94.57,15,400,-48.5,0.886,15,0,0,0,0,0,1,87,0,69,0.018362386650405824,12000
31,97.85,19,400,-39.0,0.8822,19,0,0,0,0,0,1,76,0,89,0.018818921790225433,12400
32,101.5,28,400,-41.5,0.8784,28,0,0,0,0,0,1,99,0,78,0.01825918332207948,12800
33,104.95,27,400,-40.5,0.8746,27,0,0,0,0,0,1,95,0,72,0.01933689028082881,13200
34,108.31,8,400,-60.5,0.8708,8,0,0,0,0,0,1,97,0,69,0.018958981920732185,13600
35,111.91,26,400,-37.0,0.867,26,0,0,0,0,0,1,86,0,55,0.01835008296184242,14000
36,115.26,16,400,-48.5,0.8632,16,0,0,0,0,0,1,89,0,66,0.021135721638565884,14400
37,118.57,18,400,-53.5,0.8594,18,0,0,0,0,0,1,103,0,83,0.0194809877849184,14800
38,122.05,27,400,-37.5,0.8556,27,0,0,0,0,0,1,89,0,60,0.020386176973115653,15200
39,125.45,17,400,-44.5,0.8518,17,0,0,0,0,0,1,83,0,85,0.02031594382598996,15600
40,128.76,19,400,-46.5,0.848,19,0,0,0,0,0,1,91,0,69,0.02060198208433576,16000
41,132.38,23,400,-41.0,0.8442,23,0,0,0,0,0,1,88,0,70,0.021536173108033838,16400
42,135.77,19,400,-55.5,0.8404,19,0,0,0,0,0,1,109,0,67,0.02011512267286889,16800
43,139.17,18,400,-59.0,0.8366,18,0,0,0,0,0,1,114,0,73,0.020763031656388195,17200
44,142.37,11,400,-49.0,0.8328,11,0,0,0,0,0,1,80,0,70,0.021796529280254617,17600
45,145.66,34,400,-27.0,0.829,34,0,0,0,0,0,1,82,0,87,0.020609208815731108,18000
46,149.06,16,400,-54.0,0.8252,16,0,0,0,0,0,1,100,0,76,0.022993854748783633,18400
47,152.65,29,400,-37.0,0.8214,29,0,0,0,0,0,1,92,0,62,0.022530310992151498,18800
48,156.23,19,400,-53.5,0.8176,19,0,0,0,0,0,1,105,0,76,0.02357214275514707,19200
49,159.86,21,400,-39.0,0.8138,21,0,0,0,0,0,1,80,0,67,0.023126942557282745,19600
50,163.27,26,400,-38.5,0.81,26,0,0,0,0,0,1,89,0,67,0.021911528075579553,20000
51,166.95,15,400,-53.5,0.8062,15,0,0,0,0,0,1,97,0,68,0.025385286025702954,20000
52,170.4,21,400,-47.5,0.8024,21,0,0,0,0,0,1,97,0,51,0.02437012942507863,20000
53,173.95,24,400,-43.0,0.7986,24,0,0,0,0,0,1,94,0,73,0.025875435618218035,20000
54,177.35,25,400,-36.5,0.7948,25,0,0,0,0,0,1,83,0,62,0.025910460972227156,20000
55,180.79,20,400,-55.5,0.791,20,0,0,0,0,0,1,111,0,67,0.025430812677368523,20000
56,184.44,21,400,-37.5,0.7872,21,0,0,0,0,0,1,77,0,65,0.0282535329926759,20000
57,187.76,18,400,-47.5,0.7834,18,0,0,0,0,0,1,91,0,67,0.02688564986223355,20000
58,191.44,28,400,-27.0,0.7796,28,0,0,0,0,0,1,70,0,57,0.028228033422492443,20000
59,194.89,16,400,-50.0,0.7758,16,0,0,0,0,0,1,92,0,57,0.028272994032595308,20000
60,198.59,18,400,-46.0,0.772,18,0,0,0,0,0,1,88,0,76,0.027075607059523464,20000
61,202.27,15,400,-57.5,0.7682,15,0,0,0,0,0,1,105,0,61,0.029306354504078626,20000
62,205.62,25,400,-33.5,0.7644,25,0,0,0,0,0,1,77,0,61,0.02745332076912746,20000
63,209.18,22,400,-34.0,0.7606,22,0,0,0,0,0,1,72,0,68,0.03000643235165626,20000
64,212.49,16,400,-60.5,0.7568,16,0,0,0,0,0,1,113,0,52,0.030939848714042456,20000
65,215.82,25,400,-45.5,0.753,25,0,0,0,0,0,1,101,0,64,0.02843829836230725,20000
66,219.37,33,400,-24.0,0.7492,33,0,0,0,0,0,1,74,0,61,0.030889329216443003,20000
67,223.02,33,400,-28.5,0.7454,33,0,0,0,0,0,1,83,0,55,0.02992040363838896,20000
68,226.5,29,400,-24.5,0.7416,29,0,0,0,0,0,1,67,0,82,0.030477252413984388,20000
69,229.99,28,400,-24.0,0.7378,28,0,0,0,0,0,1,64,0,57,0.030515778167173265,20000
70,233.39,26,400,-40.5,0.734,26,0,0,0,0,0,1,93,0,63,0.029543794919736684,20000
71,237.2,18,400,-38.0,0.7302,18,0,0,0,0,0,1,72,0,86,0.033275301912799475,20000
72,240.7,24,400,-39.5,0.7264,24,0,0,0,0,0,1,87,0,59,0.03181091432692483,20000
73,244.26,28,400,-31.5,0.7226,28,0,0,0,0,0,1,79,0,53,0.031526900173630565,20000
74,247.7,12,400,-59.5,0.7188,12,0,0,0,0,0,1,103,0,84,0.03353746308013797,20000
75,251.26,21,400,-37.0,0.715,21,0,0,0,0,0,1,76,0,55,0.03252286199713126,20000
76,254.84,24,400,-38.5,0.7112,24,0,0,0,0,0,1,85,0,68,0.033382810920011254,20000
77,258.55,31,400,-27.0,0.7074,31,0,0,0,0,0,1,76,0,65,0.031834265838842836,20000
78,262.02,22,400,-36.5,0.7036,22,0,0,0,0,0,1,77,0,82,0.032537524327635764,20000
79,265.38,33,400,-29.0,0.6998,33,0,0,0,0,0,1,84,0,63,0.031677385817747566,20000
80,268.77,26,400,-28.5,0.696,26,0,0,0,0,0,1,69,0,77,0.030681582854595036,20000
81,272.27,29,400,-24.5,0.6922,29,0,0,0,0,0,1,67,0,63,0.03348539516562596,20000
82,275.76,29,400,-35.0,0.6884,29,0,0,0,0,0,1,88,0,57,0.03062203820096329,20000
83,279.11,25,400,-36.0,0.6846,25,0,0,0,0,0,1,82,0,75,0.032291577004361895,20000
84,282.8,19,400,-36.0,0.6808,19,0,0,0,0,0,1,70,0,54,0.0312575869448483,20000
85,286.33,37,400,-23.0,0.677,37,0,0,0,0,0,1,80,0,78,0.029144925526343287,20000
86,289.9,22,400,-34.5,0.6732,22,0,0,0,0,0,1,73,0,70,0.03159371356246993,20000
87,293.28,33,400,-20.0,0.6694,33,0,0,0,0,0,1,66,0,77,0.03135364089626819,20000
88,297.01,38,400,-20.5,0.6656,38,0,0,0,0,0,1,77,0,56,0.03165714024100453,20000
89,300.57,22,400,-30.0,0.6618,22,0,0,0,0,0,1,64,0,88,0.030727141888346524,20000
90,303.93,31,400,-21.0,0.658,31,0,0,0,0,0,1,64,0,59,0.030696834630798548,20000
91,307.72,40,400,-8.0,0.6542,40,0,0,0,0,0,1,56,0,53,0.031849427195265886,20000
92,311.39,24,400,-32.0,0.6504,24,0,0,0,0,0,1,72,0,95,0.033442868352867666,20000
93,314.94,24,400,-26.5,0.6466,24,0,0,0,0,0,1,61,0,64,0.030905824045185,20000
94,318.7,26,400,-41.0,0.6428,26,0,0,0,0,0,1,94,0,65,0.031890463267918674,20000
95,322.37,25,400,-29.0,0.639,25,0,0,0,0,0,1,68,0,73,0.03165505028795451,20000
96,326.13,18,400,-36.5,0.6352,18,0,0,0,0,0,1,69,0,67,0.03125550247030333,20000
97,329.81,25,400,-24.5,0.6314,25,0,0,0,0,0,1,59,0,77,0.03071380341425538,20000
98,333.65,24,400,-29.5,0.6276,24,0,0,0,0,0,1,67,0,83,0.03312172598671168,20000
99,337.42,16,400,-37.0,0.6238,16,0,0,0,0,0,1,66,0,46,0.03012312314240262,20000
100,341.1,27,400,-32.5,0.62,27,0,0,0,0,0,1,79,0,51,0.029657637691125272,20000
