episode,wall_clock_s,score,steps,reward,epsilon,COIN_COLLECTED,CRATE_DESTROYED,COIN_FOUND,KILLED_OPPONENT,KILLED_SELF,GOT_KILLED,SURVIVED_ROUND,INVALID_ACTION,BOMB_DROPPED,WAITED,td_error,table_size
1,0.1,14,400,-142.1,0.997,14,0,0,0,0,0,1,172,0,0,-0.06147172833256016,18
2,0.19,18,400,-90.1,0.994009,18,0,0,0,0,0,1,140,0,0,0.3564881340665063,25
3,0.32,21,400,-87.1,0.991027,21,0,0,0,0,0,1,152,0,0,0.49483130117216556,26
4,0.4,21,400,-92.1,0.988054,21,0,0,0,0,0,1,157,0,0,0.5964589587007837,28
5,0.48,15,400,-135.1,0.98509,15,0,0,0,0,0,1,170,0,0,0.3849645061768706,29
6,0.59,27,400,-48.1,0.982134,27,0,0,0,0,0,1,143,0,0,0.5785399922969715,30
7,0.7,20,400,-86.1,0.979188,20,0,0,0,0,0,1,146,0,0,0.3740851109767449,30
8,0.79,20,400,-82.1,0.97625,20,0,0,0,0,0,1,142,0,0,0.43735472757132576,30
9,0.86,35,400,2.9,0.973322,35,0,0,0,0,0,1,132,0,0,0.6239085747751816,30
10,0.97,14,400,-133.1,0.970402,14,0,0,0,0,0,1,163,0,0,0.41691795673824206,30
11,1.05,23,400,-55.1,0.967491,23,0,0,0,0,0,1,130,0,0,0.6337465183923363,30
12,1.13,19,400,-72.1,0.964588,19,0,0,0,0,0,1,127,0,0,0.3912014131983683,30
13,1.24,21,400,-82.1,0.961694,21,0,0,0,0,0,1,147,0,0,0.38729721991732347,30
14,1.34,29,400,-33.1,0.958809,29,0,0,0,0,0,1,138,0,0,0.5994844143264035,30
15,1.42,20,400,-103.1,0.955933,20,0,0,0,0,0,1,163,0,0,0.609338669783843,30
16,1.5,26,400,-58.1,0.953065,26,0,0,0,0,0,1,148,0,0,0.4627849516593329,30
17,1.61,22,400,-69.1,0.950206,22,0,0,0,0,0,1,139,0,0,0.30654083454414177,31
18,1.69,16,400,-122.1,0.947355,16,0,0,0,0,0,1,162,0,0,0.3050708232703127,31
19,1.77,29,400,-39.1,0.944513,29,0,0,0,0,0,1,144,0,0,0.49531335138440585,31
20,1.88,17,400,-115.1,0.94168,17,0,0,0,0,0,1,160,0,0,0.32357776236464153,31
21,1.98,22,400,-74.1,0.938855,22,0,0,0,0,0,1,144,0,0,0.35382748602038566,31
22,2.05,30,400,-26.1,0.936038,30,0,0,0,0,0,1,136,0,0,0.4005160818163318,31
23,2.19,20,400,-73.1,0.93323,20,0,0,0,0,0,1,133,0,0,0.205603143411052,31
24,2.29,24,400,-55.1,0.93043,24,0,0,0,0,0,1,135,0,0,0.44843189424369323,31
25,2.37,22,400,-88.1,0.927639,22,0,0,0,0,0,1,158,0,0,0.23338426348164856,32
26,2.46,26,400,-47.1,0.924856,26,0,0,0,0,0,1,137,0,0,0.43859313982444487,32
27,2.57,25,400,-32.1,0.922081,25,0,0,0,0,0,1,117,0,0,0.29746241628325304,32
28,2.68,19,400,-73.1,0.919315,19,0,0,0,0,0,1,128,0,0,0.24161712351418002,32
29,2.77,24,400,-40.1,0.916557,24,0,0,0,0,0,1,120,0,0,0.2663033368976641,32
30,2.88,19,400,-80.1,0.913808,19,0,0,0,0,0,1,135,0,0,0.08004002600195877,32
31,2.96,25,400,-48.1,0.911066,25,0,0,0,0,0,1,133,0,0,0.2535220095802932,32
32,3.05,34,400,-12.1,0.908333,34,0,0,0,0,0,1,142,0,0,0.481691168844057,32
33,3.13,30,400,-20.1,0.905608,30,0,0,0,0,0,1,130,0,0,0.5383307232702087,32
34,3.21,35,400,14.9,0.902891,35,0,0,0,0,0,1,120,0,0,0.5499000013084768,32
35,3.31,17,400,-87.1,0.900182,17,0,0,0,0,0,1,132,0,0,0.051769310581774045,32
36,3.4,31,400,-26.1,0.897482,31,0,0,0,0,0,1,141,0,0,0.3654792355477433,32
37,3.48,35,400,18.9,0.894789,35,0,0,0,0,0,1,116,0,0,0.453552939807685,32
38,3.56,38,400,19.9,0.892105,38,0,0,0,0,0,1,130,0,0,0.492813911854044,32
39,3.67,20,400,-89.1,0.889429,20,0,0,0,0,0,1,149,0,0,0.18597731753535965,32
40,3.78,27,400,-18.1,0.88676,27,0,0,0,0,0,1,113,0,0,0.4234109592442213,32
41,3.87,35,400,13.9,0.8841,35,0,0,0,0,0,1,121,0,0,0.42644269979945676,32
42,4.0,24,400,-38.1,0.881448,24,0,0,0,0,0,1,118,0,0,0.16770687755822444,32
43,4.12,25,400,-45.1,0.878804,25,0,0,0,0,0,1,130,0,0,-0.07752355858750645,32
44,4.2,34,400,9.9,0.876167,34,0,0,0,0,0,1,120,0,0,0.1993791725104344,32
45,4.31,29,400,-0.1,0.873539,29,0,0,0,0,0,1,105,0,0,0.2440405878792617,32
46,4.4,34,400,19.9,0.870918,34,0,0,0,0,0,1,110,0,0,0.18236646393597641,32
47,4.49,24,400,-35.1,0.868305,24,0,0,0,0,0,1,115,0,0,0.08875927332966446,32
48,4.59,35,400,-10.1,0.8657,35,0,0,0,0,0,1,145,0,0,0.25977929416265944,32
49,4.68,32,400,-10.1,0.863103,32,0,0,0,0,0,1,130,0,0,0.3168518259494692,32
50,4.77,27,400,-53.1,0.860514,27,0,0,0,0,0,1,148,0,0,0.11556532966895432,32
51,4.87,26,400,-13.1,0.857932,26,0,0,0,0,0,1,103,0,0,0.0030111965409096997,32
52,4.95,27,400,-37.1,0.855359,27,0,0,0,0,0,1,132,0,0,0.02149987856660616,32
53,5.05,26,400,-46.1,0.852793,26,0,0,0,0,0,1,136,0,0,0.1238344770385774,32
54,5.15,28,400,-6.1,0.850234,28,0,0,0,0,0,1,106,0,0,0.15190012547117515,32
55,5.24,28,400,-7.1,0.847683,28,0,0,0,0,0,1,107,0,0,0.0811178283430908,32
56,5.32,35,400,17.9,0.84514,35,0,0,0,0,0,1,117,0,0,0.08135790557084553,32
57,5.41,33,400,-2.1,0.842605,33,0,0,0,0,0,1,127,0,0,0.2891699341777536,32
58,5.52,34,400,21.9,0.840077,34,0,0,0,0,0,1,108,0,0,0.22371187450206947,32
59,5.64,26,400,-26.1,0.837557,26,0,0,0,0,0,1,116,0,0,0.10401177269798037,32
60,5.72,35,400,26.9,0.835044,35,0,0,0,0,0,1,108,0,0,0.2518395580656315,32
61,5.82,32,400,-0.1,0.832539,32,0,0,0,0,0,1,120,0,0,0.17231822088149967,32
62,5.93,36,400,41.9,0.830042,36,0,0,0,0,0,1,98,0,0,0.16857732991936872,32
63,6.01,39,400,42.9,0.827551,39,0,0,0,0,0,1,112,0,0,0.2540631667259682,32
64,6.13,28,400,-20.1,0.825069,28,0,0,0,0,0,1,120,0,0,0.20370896143466413,32
65,6.25,26,400,-43.1,0.822594,26,0,0,0,0,0,1,133,0,0,-0.04224414776116102,32
66,6.34,34,400,17.9,0.820126,34,0,0,0,0,0,1,112,0,0,0.04342558437114308,32
67,6.44,29,400,-3.1,0.817665,29,0,0,0,0,0,1,108,0,0,0.06381798532747039,32
68,6.54,29,400,-12.1,0.815212,31,0,0,0,0,0,1,127,0,0,0.270496289581121,32
69,6.63,37,400,19.9,0.812767,37,0,0,0,0,0,1,125,0,0,0.27191060890247076,32
70,6.73,37,400,20.9,0.810328,37,0,0,0,0,0,1,124,0,0,0.2451321541260963,32
71,6.82,39,400,62.9,0.807897,39,0,0,0,0,0,1,92,0,0,0.12713007424985914,32
72,6.91,31,400,-7.1,0.805474,31,0,0,0,0,0,1,122,0,0,0.1496295836888833,32
73,7.0,36,400,31.9,0.803057,36,0,0,0,0,0,1,108,0,0,0.25205135204026674,32
74,7.09,39,400,50.9,0.800648,39,0,0,0,0,0,1,104,0,0,0.22966804206518363,32
75,7.2,38,400,41.9,0.798246,38,0,0,0,0,0,1,108,0,0,0.13772086854044147,32
76,7.29,37,400,40.9,0.795851,37,0,0,0,0,0,1,104,0,0,0.20246510387288386,32
77,7.41,36,400,45.9,0.793464,36,0,0,0,0,0,1,94,0,0,0.1139652038145703,32
78,7.5,37,400,40.9,0.791084,37,0,0,0,0,0,1,104,0,0,0.028193279644463193,32
79,7.6,34,400,28.9,0.78871,34,0,0,0,0,0,1,101,0,0,0.12724573574743714,32
80,7.68,45,400,77.9,0.786344,45,0,0,0,0,0,1,107,0,0,0.3266851016887022,32
81,7.85,46,400,82.9,0.783985,46,0,0,0,0,0,1,107,0,0,0.34404934936780535,32
82,7.98,37,400,46.9,0.781633,37,0,0,0,0,0,1,98,0,0,0.04885255332724267,32
83,8.09,42,400,81.9,0.779288,42,0,0,0,0,0,1,88,0,0,0.1353858347009481,32
84,8.19,37,400,41.9,0.77695,37,0,0,0,0,0,1,103,0,0,0.03661967746077515,32
85,8.28,45,400,67.9,0.77462,45,0,0,0,0,0,1,117,0,0,0.3322665623176323,32
86,8.37,42,400,69.9,0.772296,42,0,0,0,0,0,1,100,0,0,0.15702101391539147,32
87,8.47,34,400,11.9,0.769979,34,0,0,0,0,0,1,118,0,0,0.07811136700902273,32
88,8.56,36,400,34.9,0.767669,36,0,0,0,0,0,1,105,0,0,0.02706455449834917,32
89,8.65,41,400,43.9,0.765366,41,0,0,0,0,0,1,121,0,0,0.16121469016038897,32
90,8.74,44,400,63.9,0.76307,44,0,0,0,0,0,1,116,0,0,0.2972945907922812,32
91,8.86,44,400,63.9,0.760781,44,0,0,0,0,0,1,116,0,0,0.21574688149865812,32
92,8.95,42,400,67.9,0.758498,42,0,0,0,0,0,1,102,0,0,0.1385893121951644,32
93,9.04,42,400,67.9,0.756223,42,0,0,0,0,0,1,102,0,0,0.16854707868019722,32
94,9.14,39,400,59.9,0.753954,39,0,0,0,0,0,1,95,0,0,0.05401499339106228,32
95,9.23,37,400,36.9,0.751692,37,0,0,0,0,0,1,108,0,0,0.00040590904456816484,32
96,9.36,48,400,111.9,0.749437,50,0,0,0,0,0,1,98,0,0,0.18955997516325182,32
97,9.46,49,400,108.9,0.747189,49,0,0,0,0,0,1,96,0,0,0.12645737351668596,32
98,9.56,42,400,59.9,0.744947,42,0,0,0,0,0,1,110,0,0,0.11030719212796496,32
99,9.65,46,400,81.9,0.742712,46,0,0,0,0,0,1,108,0,0,0.22071559443268488,32
100,9.74,35,400,16.9,0.740484,35,0,0,0,0,0,1,118,0,0,-0.0047078320800058,32
101,9.86,49,400,108.9,0.738263,49,0,0,0,0,0,1,96,0,0,0.2346930807886669,32
102,9.96,48,400,89.9,0.736048,48,0,0,0,0,0,1,110,0,0,0.1293656421782663,32
103,10.06,41,400,70.9,0.73384,43,0,0,0,0,0,1,104,0,0,-0.0602732282270857,32
104,10.16,45,400,82.9,0.731638,45,0,0,0,0,0,1,102,0,0,0.07972852714432038,32
105,10.27,47,400,96.9,0.729443,47,0,0,0,0,0,1,98,0,0,0.1648058522529078,32
106,10.37,36,400,35.9,0.727255,36,0,0,0,0,0,1,104,0,0,0.0063113012017625885,32
107,10.46,48,400,95.9,0.725073,48,0,0,0,0,0,1,104,0,0,0.12384950305175331,32
108,10.54,44,400,80.9,0.722898,46,0,0,0,0,0,1,109,0,0,0.0798816962006448,32
109,10.64,45,400,84.9,0.720729,45,0,0,0,0,0,1,100,0,0,0.17159285573672234,32
110,10.73,49,400,99.9,0.718567,49,0,0,0,0,0,1,105,0,0,0.21521126445749997,32
111,10.83,46,400,81.9,0.716412,46,0,0,0,0,0,1,108,0,0,0.19519613440511774,32
112,10.94,45,400,74.9,0.714262,45,0,0,0,0,0,1,110,0,0,0.08438121373347698,32
113,11.05,49,400,115.9,0.71212,49,0,0,0,0,0,1,89,0,0,0.1530671134781696,32
114,11.17,22,400,-30.1,0.709983,22,0,0,0,0,0,1,100,0,0,-0.39840545190952864,32
115,11.27,44,400,69.9,0.707853,44,0,0,0,0,0,1,110,0,0,-0.030972407646056264,32
116,11.36,45,400,68.9,0.70573,45,0,0,0,0,0,1,116,0,0,0.10039781251454495,32
117,11.45,48,400,113.9,0.703612,48,0,0,0,0,0,1,86,0,0,0.05655673555353614,32
118,11.53,45,400,80.9,0.701502,45,0,0,0,0,0,1,104,0,0,0.10276436715481173,32
119,11.66,49,385,139.4,0.699397,51,0,0,0,0,0,1,77,0,0,0.09007385766869151,32
120,11.76,49,400,95.9,0.697299,49,0,0,0,0,0,1,109,0,0,0.09520402075383566,32
121,11.86,49,380,121.9,0.695207,51,0,0,0,0,0,1,95,0,0,0.2402849718772855,33
122,11.96,48,400,111.9,0.693121,48,0,0,0,0,0,1,88,0,0,-0.02241765259034857,33
123,12.05,45,400,107.9,0.691042,45,0,0,0,0,0,1,77,0,0,0.030972626639846488,33
124,12.14,49,400,96.9,0.688969,49,0,0,0,0,0,1,108,0,0,0.019999346079729478,33
125,12.28,43,400,65.9,0.686902,43,0,0,0,0,0,1,109,0,0,0.0962664925281789,33
126,12.39,49,400,114.9,0.684841,49,0,0,0,0,0,1,90,0,0,0.08053874468936482,33
127,12.48,47,400,119.9,0.682787,47,0,0,0,0,0,1,75,0,0,0.03274947162807892,33
128,12.57,49,343,156.6,0.680738,51,0,0,0,0,0,1,64,0,0,0.060902181271075426,34
129,12.66,49,384,141.5,0.678696,51,0,0,0,0,0,1,75,0,0,0.04565423633956153,34
130,12.73,49,358,136.1,0.67666,51,0,0,0,0,0,1,83,0,0,0.05123398171781466,34
131,12.82,43,400,86.9,0.67463,43,0,0,0,0,0,1,88,0,0,0.12006739439809078,34
132,12.91,45,400,87.9,0.672606,45,0,0,0,0,0,1,97,0,0,0.13096860459128953,34
133,13.03,48,400,106.9,0.670588,48,0,0,0,0,0,1,93,0,0,0.08310450567318772,34
134,13.11,49,315,160.4,0.668577,51,0,0,0,0,0,1,63,0,0,0.20977833421772984,35
135,13.21,49,400,134.9,0.666571,49,0,0,0,0,0,1,70,0,0,0.017087504288525006,35
136,13.31,49,400,100.9,0.664571,49,0,0,0,0,0,1,104,0,0,0.0182863915458312,35
137,13.4,49,373,129.6,0.662578,51,0,0,0,0,0,1,88,0,0,0.1432442099892852,35
138,13.49,49,368,135.1,0.66059,51,0,0,0,0,0,1,83,0,0,0.12312154089876355,35
139,13.63,48,400,129.9,0.658608,48,0,0,0,0,0,1,70,0,0,-0.06535808453589122,35
140,13.76,49,400,115.9,0.656632,49,0,0,0,0,0,1,89,0,0,0.04163336490603429,35
141,13.85,49,352,152.7,0.654662,51,0,0,0,0,0,1,67,0,0,0.0710393202830128,35
142,13.92,49,308,155.1,0.652698,51,0,0,0,0,0,1,69,0,0,0.2422395622269688,35
143,14.04,49,392,128.7,0.65074,51,0,0,0,0,0,1,87,0,0,0.024621401464052388,35
144,14.17,34,400,26.9,0.648788,34,0,0,0,0,0,1,103,0,0,-0.22936907467084466,35
145,14.27,49,374,134.5,0.646842,51,0,0,0,0,0,1,83,0,0,-0.06778712255417503,35
146,14.39,34,400,33.9,0.644901,34,0,0,0,0,0,1,96,0,0,-0.29884065925106384,35
147,14.49,34,400,32.9,0.642966,34,0,0,0,0,0,1,97,0,0,-0.3245317650337234,35
148,14.59,47,400,120.9,0.641037,47,0,0,0,0,0,1,74,0,0,-0.13076408073525908,35
149,14.69,49,400,132.9,0.639114,49,0,0,0,0,0,1,72,0,0,-0.05360046580980094,35
150,14.78,49,355,145.4,0.637197,51,0,0,0,0,0,1,74,0,0,0.14456497915495073,35
151,14.87,49,359,153.0,0.635285,51,0,0,0,0,0,1,66,0,0,0.14645823138401137,35
152,14.95,49,306,170.3,0.63338,51,0,0,0,0,0,1,54,0,0,0.20897118449076,36
153,15.04,49,322,159.7,0.631479,51,0,0,0,0,0,1,63,0,0,0.19007527834885088,36
154,15.13,49,321,151.8,0.629585,51,0,0,0,0,0,1,71,0,0,0.22164802153698537,37
155,15.23,49,317,157.2,0.627696,51,0,0,0,0,0,1,66,0,0,0.024954746237595048,37
156,15.36,36,400,55.9,0.625813,36,0,0,0,0,0,1,84,0,0,-0.43728184123955505,37
157,15.5,49,400,144.9,0.623936,49,0,0,0,0,0,1,60,0,0,-0.04237177791973102,37
158,15.6,37,400,40.9,0.622064,37,0,0,0,0,0,1,104,0,0,-0.2645297188327825,37
159,15.68,49,349,140.0,0.620198,51,0,0,0,0,0,1,80,0,0,0.25524831087078176,37
160,15.85,48,400,124.9,0.618337,48,0,0,0,0,0,1,75,0,0,0.07463740016171157,37
161,15.97,40,400,79.9,0.616482,40,0,0,0,0,0,1,80,0,0,-0.16935287069891114,37
162,16.04,49,285,173.4,0.614633,51,0,0,0,0,0,1,53,0,0,0.16866543202153414,37
163,16.12,49,316,171.3,0.612789,51,0,0,0,0,0,1,52,0,0,0.10650013235328448,37
164,16.22,49,364,142.5,0.61095,51,0,0,0,0,0,1,76,0,0,0.07920030256635797,37
165,16.3,49,323,162.6,0.609118,51,0,0,0,0,0,1,60,0,0,0.07042626523261498,37
166,16.44,49,400,132.9,0.60729,49,0,0,0,0,0,1,72,0,0,-0.08432510937730159,37
167,16.51,49,304,165.5,0.605468,51,0,0,0,0,0,1,59,0,0,0.22972624270726127,37
168,16.61,49,400,125.9,0.603652,49,0,0,0,0,0,1,79,0,0,-0.0665810583806357,37
169,16.7,49,364,150.5,0.601841,51,0,0,0,0,0,1,68,0,0,0.11480646578789724,37
170,16.78,49,280,175.9,0.600035,51,0,0,0,0,0,1,51,0,0,0.18586470680273642,37
171,16.85,49,318,157.1,0.598235,51,0,0,0,0,0,1,66,0,0,0.0787657892502513,38
172,16.92,49,326,173.3,0.596441,51,0,0,0,0,0,1,49,0,0,0.18293116536972917,38
173,17.03,49,395,142.4,0.594651,51,0,0,0,0,0,1,73,0,0,-0.025137651182032535,38
174,17.13,23,400,2.9,0.592867,23,0,0,0,0,0,1,72,0,0,-0.5235976940221507,38
175,17.23,26,400,15.9,0.591089,26,0,0,0,0,0,1,74,0,0,-0.4957387240005939,38
176,17.32,45,400,104.9,0.589315,45,0,0,0,0,0,1,80,0,0,-0.14033108787912893,38
177,17.42,45,400,94.9,0.587548,45,0,0,0,0,0,1,90,0,0,-0.10496940719973609,38
178,17.54,44,400,107.9,0.585785,44,0,0,0,0,0,1,72,0,0,-0.10702407170826093,38
179,17.66,49,393,145.6,0.584028,51,0,0,0,0,0,1,70,0,0,-0.10861564080750859,38
180,17.78,49,394,136.5,0.582275,51,0,0,0,0,0,1,79,0,0,0.052450240054382445,38
181,17.86,49,327,154.2,0.580529,51,0,0,0,0,0,1,68,0,0,0.18807075780889332,38
182,17.95,49,335,160.4,0.578787,51,0,0,0,0,0,1,61,0,0,0.06762583404019251,38
183,18.07,49,380,153.9,0.577051,51,0,0,0,0,0,1,63,0,0,0.09604095994359857,38
184,18.15,49,324,163.5,0.57532,51,0,0,0,0,0,1,59,0,0,0.04140652689549011,38
185,18.24,49,367,133.2,0.573594,51,0,0,0,0,0,1,85,0,0,0.0634661279348232,38
186,18.34,48,400,136.9,0.571873,50,0,0,0,0,0,1,73,0,0,0.11912311965641453,38
187,18.42,49,333,153.6,0.570157,51,0,0,0,0,0,1,68,0,0,0.20514433965095483,38
188,18.49,49,293,181.6,0.568447,51,0,0,0,0,0,1,44,0,0,0.11699005181561972,38
189,18.56,49,335,165.4,0.566741,51,0,0,0,0,0,1,56,0,0,-0.03305579851971451,38
190,18.65,49,315,176.4,0.565041,51,0,0,0,0,0,1,47,0,0,0.2193618117797794,38
191,18.74,49,310,166.9,0.563346,51,0,0,0,0,0,1,57,0,0,0.1476150721268436,38
192,18.82,49,280,177.9,0.561656,51,0,0,0,0,0,1,49,0,0,0.2146604985152679,38
193,18.91,49,306,172.3,0.559971,51,0,0,0,0,0,1,52,0,0,0.05471273203959374,38
194,19.02,49,400,125.9,0.558291,49,0,0,0,0,0,1,79,0,0,-0.10205731075323156,38
195,19.16,37,400,58.9,0.556616,37,0,0,0,0,0,1,86,0,0,-0.3799370527800196,38
196,19.24,49,311,179.8,0.554946,51,0,0,0,0,0,1,44,0,0,-0.03760356829811649,38
197,19.32,49,289,169.0,0.553282,51,0,0,0,0,0,1,57,0,0,0.13922345034615857,38
198,19.43,49,397,129.2,0.551622,51,0,0,0,0,0,1,86,0,0,0.08596453539233968,38
199,19.5,49,300,182.9,0.549967,51,0,0,0,0,0,1,42,0,0,0.1475394436467098,38
200,19.63,47,400,110.9,0.548317,47,0,0,0,0,0,1,84,0,0,-0.19311344120349286,38
201,19.73,49,360,151.9,0.546672,51,0,0,0,0,0,1,67,0,0,0.00807710228097264,38
202,19.86,49,353,164.6,0.545032,51,0,0,0,0,0,1,55,0,0,0.03204007967996101,38
203,19.91,49,215,189.4,0.543397,51,0,0,0,0,0,1,44,0,0,0.38416625051797315,38
204,20.01,49,372,147.7,0.541767,51,0,0,0,0,0,1,70,0,0,0.209207993161582,38
205,20.06,49,248,189.1,0.540141,51,0,0,0,0,0,1,41,0,0,0.20716055909352257,38
206,20.12,49,279,181.0,0.538521,51,0,0,0,0,0,1,46,0,0,0.166527346961296,38
207,20.23,49,353,161.6,0.536905,51,0,0,0,0,0,1,58,0,0,-0.011479423001793778,38
208,20.42,49,400,136.9,0.535295,49,0,0,0,0,0,1,68,0,0,-0.163164497285774,38
209,20.5,49,349,147.0,0.533689,51,0,0,0,0,0,1,73,0,0,-0.10470181117194219,38
210,20.57,49,296,184.3,0.532088,51,0,0,0,0,0,1,41,0,0,0.14062484350881924,38
211,20.67,48,400,123.9,0.530491,48,0,0,0,0,0,1,76,0,0,-0.13551948904882502,38
212,20.74,49,319,167.0,0.5289,51,0,0,0,0,0,1,56,0,0,0.051580802651430405,38
213,20.84,49,309,167.0,0.527313,51,0,0,0,0,0,1,57,0,0,0.11218883774799764,38
214,20.96,49,365,161.4,0.525731,51,0,0,0,0,0,1,57,0,0,-0.06201936016263198,38
215,21.05,49,328,169.1,0.524154,51,0,0,0,0,0,1,53,0,0,0.034608856644828274,38
216,21.14,49,370,169.9,0.522582,51,0,0,0,0,0,1,48,0,0,-0.13332122250067813,38
217,21.2,49,264,173.5,0.521014,51,0,0,0,0,0,1,55,0,0,0.23230305995345965,38
218,21.27,49,268,179.1,0.519451,51,0,0,0,0,0,1,49,0,0,0.3322291263636066,38
219,21.34,49,290,178.9,0.517893,51,0,0,0,0,0,1,47,0,0,0.12653411172420304,38
220,21.42,49,295,183.4,0.516339,51,0,0,0,0,0,1,42,0,0,0.10848128359282133,38
221,21.49,49,250,180.9,0.51479,51,0,0,0,0,0,1,49,0,0,0.20347428124413447,38
222,21.55,49,274,182.5,0.513245,51,0,0,0,0,0,1,45,0,0,0.18861847109480281,38
223,21.61,49,264,187.5,0.511706,51,0,0,0,0,0,1,41,0,0,0.23328854856515316,38
224,21.69,49,232,189.7,0.510171,51,0,0,0,0,0,1,42,0,0,0.39426122484004783,38
225,21.77,49,258,190.1,0.50864,51,0,0,0,0,0,1,39,0,0,0.2543300282587712,38
226,21.86,49,302,173.7,0.507114,51,0,0,0,0,0,1,51,0,0,0.1376809672001066,38
227,21.91,49,238,199.1,0.505593,51,0,0,0,0,0,1,32,0,0,0.29142922757257667,38
228,21.98,49,298,178.1,0.504076,51,0,0,0,0,0,1,47,0,0,0.14130424582758982,38
229,22.11,42,400,119.9,0.502564,42,0,0,0,0,0,1,50,0,0,-0.2803978207313417,38
230,22.2,49,341,146.8,0.501056,51,0,0,0,0,0,1,74,0,0,-0.0688852925324453,38
231,22.26,49,267,177.2,0.499553,51,0,0,0,0,0,1,51,0,0,0.17785896055964084,38
232,22.32,49,266,181.3,0.498054,51,0,0,0,0,0,1,47,0,0,0.3410481093314439,38
233,22.37,49,217,201.2,0.49656,51,0,0,0,0,0,1,32,0,0,0.33251116372835143,38
234,22.43,49,262,181.7,0.49507,51,0,0,0,0,0,1,47,0,0,0.2683394807995039,38
235,22.49,49,261,183.8,0.493585,51,0,0,0,0,0,1,45,0,0,0.29408712526121306,38
236,22.56,49,275,181.4,0.492105,51,0,0,0,0,0,1,46,0,0,0.18035514983795523,38
237,22.63,49,255,183.4,0.490628,51,0,0,0,0,0,1,46,0,0,0.16139103801566432,38
238,22.7,49,270,182.9,0.489156,51,0,0,0,0,0,1,45,0,0,0.14671898111312295,38
239,22.78,49,312,164.7,0.487689,51,0,0,0,0,0,1,59,0,0,-0.022562775453855717,38
240,22.83,49,249,188.0,0.486226,51,0,0,0,0,0,1,42,0,0,0.18140504117094713,38
241,22.92,49,261,182.8,0.484767,51,0,0,0,0,0,1,46,0,0,0.1405845548410451,38
242,22.98,49,222,196.7,0.483313,51,0,0,0,0,0,1,36,0,0,0.27652702503757465,38
243,23.03,49,205,206.4,0.481863,51,0,0,0,0,0,1,28,0,0,0.4258205817666006,38
244,23.2,45,400,123.9,0.480417,45,0,0,0,0,0,1,61,0,0,-0.41280998475902503,38
245,23.3,33,400,59.9,0.478976,33,0,0,0,0,0,1,65,0,0,-0.5664501919641926,38
246,23.42,49,396,157.3,0.477539,51,0,0,0,0,0,1,58,0,0,-0.35692614201994355,38
247,23.51,41,400,94.9,0.476106,41,0,0,0,0,0,1,70,0,0,-0.4486497724038627,38
248,23.59,49,280,187.9,0.474678,51,0,0,0,0,0,1,39,0,0,0.09885629198289038,38
249,23.66,49,301,176.8,0.473254,51,0,0,0,0,0,1,48,0,0,0.04770648635999744,38
250,23.73,49,277,186.2,0.471834,51,0,0,0,0,0,1,41,0,0,0.0379382600427336,38
251,23.77,49,195,203.4,0.470419,51,0,0,0,0,0,1,32,0,0,0.3494516453661057,38
252,23.85,49,267,182.2,0.469008,51,0,0,0,0,0,1,46,0,0,0.2030573990978795,38
253,23.98,47,400,130.9,0.467601,47,0,0,0,0,0,1,64,0,0,-0.2265297641713457,38
254,24.02,49,209,197.0,0.466198,51,0,0,0,0,0,1,37,0,0,0.280861534534498,38
255,24.12,49,309,182.0,0.464799,51,0,0,0,0,0,1,42,0,0,0.11837683281255224,38
256,24.22,49,400,159.9,0.463405,51,0,0,0,0,0,1,55,0,0,-0.37512904393656943,38
257,24.3,49,286,183.3,0.462015,51,0,0,0,0,0,1,43,0,0,0.015585614743846744,38
258,24.35,49,248,191.1,0.460629,51,0,0,0,0,0,1,39,0,0,0.2529628949956771,38
259,24.4,49,195,213.4,0.459247,51,0,0,0,0,0,1,22,0,0,0.4379518178691245,38
260,24.45,49,233,190.6,0.457869,51,0,0,0,0,0,1,41,0,0,0.33801269524712735,38
261,24.49,49,194,208.5,0.456495,51,0,0,0,0,0,1,27,0,0,0.4195054374685038,38
262,24.55,49,256,193.3,0.455126,51,0,0,0,0,0,1,36,0,0,0.21148787106314365,39
263,24.59,49,207,202.2,0.45376,51,0,0,0,0,0,1,32,0,0,0.3573182632670718,39
264,24.66,49,235,193.4,0.452399,51,0,0,0,0,0,1,38,0,0,0.36450143358508436,39
265,24.71,49,222,197.7,0.451042,51,0,0,0,0,0,1,35,0,0,0.4058125693924201,39
266,24.76,49,206,210.3,0.449689,51,0,0,0,0,0,1,24,0,0,0.4541634138313577,39
267,24.83,49,235,202.4,0.44834,51,0,0,0,0,0,1,29,0,0,0.28128303858805265,39
268,24.9,49,240,196.9,0.446995,51,0,0,0,0,0,1,34,0,0,0.1582403702854286,39
269,24.97,49,267,198.2,0.445654,51,0,0,0,0,0,1,30,0,0,-0.0052591312998164046,39
270,25.04,49,246,199.3,0.444317,51,0,0,0,0,0,1,31,0,0,0.14088974837187013,39
271,25.1,49,231,197.8,0.442984,51,0,0,0,0,0,1,34,0,0,0.16612571452813354,39
272,25.17,49,233,191.6,0.441655,51,0,0,0,0,0,1,40,0,0,0.24999192065106332,39
273,25.24,49,268,190.1,0.44033,51,0,0,0,0,0,1,38,0,0,0.09651575989844675,39
274,25.29,49,249,201.0,0.439009,51,0,0,0,0,0,1,29,0,0,-0.08154209586990302,39
275,25.34,49,209,218.0,0.437692,51,0,0,0,0,0,1,16,0,0,0.27864349818416645,39
276,25.42,49,296,183.3,0.436379,51,0,0,0,0,0,1,42,0,0,0.0389104160050393,39
277,25.47,49,209,206.0,0.43507,51,0,0,0,0,0,1,28,0,0,0.18373401626180094,39
278,25.54,49,244,191.5,0.433765,51,0,0,0,0,0,1,39,0,0,0.1385860838160048,39
279,25.63,49,268,189.1,0.432463,51,0,0,0,0,0,1,39,0,0,0.08797876658220162,39
280,25.69,49,227,199.2,0.431166,51,0,0,0,0,0,1,33,0,0,0.17513869074363267,39
281,25.76,49,241,205.8,0.429872,51,0,0,0,0,0,1,25,0,0,0.12030143955308782,39
282,25.84,49,292,183.7,0.428583,51,0,0,0,0,0,1,42,0,0,-0.06560225460238177,39
283,25.9,49,257,188.2,0.427297,51,0,0,0,0,0,1,41,0,0,-0.0538953019240746,39
284,25.95,49,215,209.4,0.426015,51,0,0,0,0,0,1,24,0,0,0.14877763057284896,39
285,26.0,49,206,213.3,0.424737,51,0,0,0,0,0,1,21,0,0,0.1630176668313742,39
286,26.06,49,250,193.9,0.423463,51,0,0,0,0,0,1,36,0,0,0.15198007605568084,39
287,26.16,48,400,147.9,0.422192,48,0,0,0,0,0,1,52,0,0,-0.48664603585033256,39
288,26.23,49,319,173.0,0.420926,51,0,0,0,0,0,1,50,0,0,-0.14486362706429862,39
289,26.32,49,317,173.2,0.419663,51,0,0,0,0,0,1,50,0,0,-0.19431290386261899,39
290,26.38,49,261,194.8,0.418404,51,0,0,0,0,0,1,34,0,0,-0.00981712513446833,39
291,26.56,19,400,-7.1,0.417149,19,0,0,0,0,0,1,62,0,0,-0.7930915189447927,39
292,26.61,49,230,202.9,0.415897,51,0,0,0,0,0,1,29,0,0,0.13465042214704956,39
293,26.8,46,400,133.9,0.41465,46,0,0,0,0,0,1,56,0,0,-0.3643957538101713,39
294,26.9,49,383,173.6,0.413406,51,0,0,0,0,0,1,43,0,0,-0.35045171416043114,39
295,27.0,49,362,173.7,0.412166,51,0,0,0,0,0,1,45,0,0,-0.33256984900978376,39
296,27.07,49,249,206.0,0.410929,51,0,0,0,0,0,1,24,0,0,0.061516824481127656,39
297,27.11,49,195,215.4,0.409696,51,0,0,0,0,0,1,20,0,0,0.30782461342867534,39
298,27.16,49,237,201.2,0.408467,51,0,0,0,0,0,1,30,0,0,0.33117303379213914,39
299,27.21,49,231,197.8,0.407242,51,0,0,0,0,0,1,34,0,0,0.3288865016918366,39
300,27.27,49,225,206.4,0.40602,51,0,0,0,0,0,1,26,0,0,0.3292138516529786,39
301,27.31,49,188,209.1,0.404802,51,0,0,0,0,0,1,27,0,0,0.44062102987614044,39
302,27.35,49,200,212.9,0.403588,51,0,0,0,0,0,1,22,0,0,0.36453593955703806,39
303,27.4,49,223,203.6,0.402377,51,0,0,0,0,0,1,29,0,0,0.2943438252365561,39
304,27.48,49,250,194.9,0.40117,51,0,0,0,0,0,1,35,0,0,0.025046817363249565,39
305,27.54,49,223,199.6,0.399966,51,0,0,0,0,0,1,33,0,0,0.24716407407424887,39
306,27.61,49,244,197.5,0.398766,51,0,0,0,0,0,1,33,0,0,0.16952393244058198,39
307,27.67,49,232,197.7,0.39757,51,0,0,0,0,0,1,34,0,0,0.26485928812302956,39
308,27.74,49,326,167.3,0.396377,51,0,0,0,0,0,1,55,0,0,-0.22385694220865066,39
309,27.8,49,202,212.7,0.395188,51,0,0,0,0,0,1,22,0,0,0.22871334130867807,39
310,27.86,49,298,190.1,0.394003,51,0,0,0,0,0,1,35,0,0,-0.2080048979602856,39
311,27.92,49,233,194.6,0.392821,51,0,0,0,0,0,1,37,0,0,0.17964636419861518,39
312,28.0,49,258,189.1,0.391642,51,0,0,0,0,0,1,40,0,0,0.10962026399429872,39
313,28.08,49,294,180.5,0.390467,51,0,0,0,0,0,1,45,0,0,-0.11950558704003415,39
314,28.16,49,339,179.0,0.389296,51,0,0,0,0,0,1,42,0,0,-0.24766970592875837,39
315,28.2,49,195,207.4,0.388128,51,0,0,0,0,0,1,28,0,0,0.22275611668279466,39
316,28.28,49,245,196.4,0.386964,51,0,0,0,0,0,1,34,0,0,0.2120110555593792,39
317,28.34,49,236,210.3,0.385803,51,0,0,0,0,0,1,21,0,0,0.10467994788290845,39
318,28.54,36,400,83.9,0.384645,36,0,0,0,0,0,1,56,0,0,-0.5466339875653193,39
319,28.6,49,221,204.8,0.383491,51,0,0,0,0,0,1,28,0,0,0.17695079369797412,39
320,28.64,49,178,214.1,0.382341,51,0,0,0,0,0,1,23,0,0,0.3940831680094195,39
321,28.7,49,212,206.7,0.381194,51,0,0,0,0,0,1,27,0,0,0.278944535057374,39
322,28.74,49,179,220.0,0.38005,51,0,0,0,0,0,1,17,0,0,0.49570064136789416,39
323,28.78,49,175,216.4,0.37891,51,0,0,0,0,0,1,21,0,0,0.5832600323054513,39
324,28.83,49,199,212.0,0.377773,51,0,0,0,0,0,1,23,0,0,0.33405599973617855,39
325,28.86,49,166,223.3,0.37664,51,0,0,0,0,0,1,15,0,0,0.4329877875691208,39
326,28.9,49,190,220.9,0.37551,51,0,0,0,0,0,1,15,0,0,0.4516624280516495,39
327,28.97,49,254,190.5,0.374384,51,0,0,0,0,0,1,39,0,0,0.23137243438493774,39
328,29.04,49,229,212.0,0.37326,51,0,0,0,0,0,1,20,0,0,0.24078149485422326,39
329,29.08,49,170,218.9,0.372141,51,0,0,0,0,0,1,19,0,0,0.3708396338579326,39
330,29.12,49,192,210.7,0.371024,51,0,0,0,0,0,1,25,0,0,0.30113226842745805,39
331,29.17,49,222,199.7,0.369911,51,0,0,0,0,0,1,33,0,0,0.15792508387760745,39
332,29.24,49,226,214.3,0.368801,51,0,0,0,0,0,1,18,0,0,0.1642071046426964,39
333,29.3,49,244,209.5,0.367695,51,0,0,0,0,0,1,21,0,0,-0.06348615101890846,39
334,29.36,49,221,198.8,0.366592,51,0,0,0,0,0,1,34,0,0,0.06392239933292777,39
335,29.4,49,191,215.8,0.365492,51,0,0,0,0,0,1,20,0,0,0.259606744748541,39
336,29.45,49,212,214.7,0.364396,51,0,0,0,0,0,1,19,0,0,0.13033951094303564,39
337,29.5,49,212,204.7,0.363302,51,0,0,0,0,0,1,29,0,0,0.26670679493749705,39
338,29.56,49,242,205.7,0.362213,51,0,0,0,0,0,1,25,0,0,-0.000913163234442699,39
339,29.61,49,224,209.5,0.361126,51,0,0,0,0,0,1,23,0,0,0.18804718262802972,39
340,29.66,49,206,210.3,0.360043,51,0,0,0,0,0,1,24,0,0,0.16052636502904943,39
341,29.73,49,221,205.8,0.358962,51,0,0,0,0,0,1,27,0,0,-0.0053841324342169756,39
342,29.78,49,209,210.0,0.357886,51,0,0,0,0,0,1,24,0,0,0.10009792010981454,39
343,29.83,49,200,210.9,0.356812,51,0,0,0,0,0,1,24,0,0,0.17099089262182257,39
344,29.86,49,161,228.8,0.355741,51,0,0,0,0,0,1,10,0,0,0.3645060976444388,39
345,29.91,49,186,213.3,0.354674,51,0,0,0,0,0,1,23,0,0,0.20544827762639664,39
346,29.98,49,234,205.5,0.35361,51,0,0,0,0,0,1,26,0,0,0.055177073814601026,39
347,30.05,49,224,211.5,0.352549,51,0,0,0,0,0,1,21,0,0,-0.07437797275643533,39
348,30.11,49,222,205.7,0.351492,51,0,0,0,0,0,1,27,0,0,0.06009251380433747,39
349,30.16,49,221,213.8,0.350437,51,0,0,0,0,0,1,19,0,0,0.04256642737794313,39
350,30.2,49,199,216.0,0.349386,51,0,0,0,0,0,1,19,0,0,0.10594349446707806,39
351,30.25,49,192,216.7,0.348338,51,0,0,0,0,0,1,19,0,0,0.21755218042350524,39
352,30.3,49,194,216.5,0.347293,51,0,0,0,0,0,1,19,0,0,0.1707642620501967,39
353,30.35,49,209,207.0,0.346251,51,0,0,0,0,0,1,27,0,0,0.1143469282316599,39
354,30.43,49,251,209.8,0.345212,51,0,0,0,0,0,1,20,0,0,-0.025007996152977132,39
355,30.49,49,231,202.8,0.344176,51,0,0,0,0,0,1,29,0,0,-0.08392081230304473,39
356,30.56,49,199,208.0,0.343144,51,0,0,0,0,0,1,27,0,0,0.08486123606606044,39
357,30.6,49,211,210.8,0.342115,51,0,0,0,0,0,1,23,0,0,0.04699278939900832,39
358,30.67,49,261,198.8,0.341088,51,0,0,0,0,0,1,30,0,0,-0.06109566401361063,39
359,30.75,49,226,198.3,0.340065,51,0,0,0,0,0,1,34,0,0,0.049683620531984725,39
360,30.8,49,231,205.8,0.339045,51,0,0,0,0,0,1,26,0,0,-0.03936864724336731,39
361,30.92,43,400,130.9,0.338028,43,0,0,0,0,0,1,44,0,0,-0.6880951575537892,39
362,31.02,27,400,34.9,0.337014,27,0,0,0,0,0,1,60,0,0,-0.840020044136545,39
363,31.08,49,292,202.7,0.336002,51,0,0,0,0,0,1,23,0,0,-0.33941730183228025,39
364,31.16,49,201,215.8,0.334994,51,0,0,0,0,0,1,19,0,0,0.18270855126946697,39
365,31.21,49,202,213.7,0.333989,51,0,0,0,0,0,1,21,0,0,0.23002729652586792,39
366,31.25,49,178,211.1,0.332988,51,0,0,0,0,0,1,26,0,0,0.40539225489476943,39
367,31.3,49,199,213.0,0.331989,51,0,0,0,0,0,1,22,0,0,0.22972194376425606,39
368,31.35,49,212,210.7,0.330993,51,0,0,0,0,0,1,23,0,0,0.1408808344316267,39
369,31.4,49,200,214.9,0.33,51,0,0,0,0,0,1,20,0,0,0.2358379988619269,39
370,31.5,49,385,171.4,0.32901,51,0,0,0,0,0,1,45,0,0,-0.4708902927332586,39
371,31.6,49,319,193.0,0.328023,51,0,0,0,0,0,1,30,0,0,-0.34774675739823674,39
372,31.64,49,213,212.6,0.327039,51,0,0,0,0,0,1,21,0,0,0.06462313616976996,39
373,31.7,49,237,198.2,0.326057,51,0,0,0,0,0,1,33,0,0,0.024742551190799326,39
374,31.77,49,317,186.2,0.325079,51,0,0,0,0,0,1,37,0,0,-0.22886566625238014,39
375,31.84,49,253,197.6,0.324104,51,0,0,0,0,0,1,32,0,0,-0.08019094917670413,39
376,31.88,49,178,227.1,0.323132,51,0,0,0,0,0,1,10,0,0,0.2032775678441135,39
377,31.93,49,210,212.9,0.322162,51,0,0,0,0,0,1,21,0,0,0.21704146325887164,39
378,31.98,49,195,217.4,0.321196,51,0,0,0,0,0,1,18,0,0,0.24017474730942356,39
379,32.02,49,195,217.4,0.320232,51,0,0,0,0,0,1,18,0,0,0.281067886828783,39
380,32.06,49,215,216.4,0.319272,51,0,0,0,0,0,1,17,0,0,-0.015840583038184985,39
381,32.11,49,179,215.0,0.318314,51,0,0,0,0,0,1,22,0,0,0.3219084736574749,39
382,32.16,49,227,198.2,0.317359,51,0,0,0,0,0,1,34,0,0,0.1924745618115422,39
383,32.23,49,210,218.9,0.316407,51,0,0,0,0,0,1,15,0,0,0.10435405098292459,39
384,32.28,49,187,222.2,0.315457,51,0,0,0,0,0,1,14,0,0,0.1672544661546394,39
385,32.32,49,177,221.2,0.314511,51,0,0,0,0,0,1,16,0,0,0.35445572018417715,39
386,32.35,49,175,219.4,0.313568,51,0,0,0,0,0,1,18,0,0,0.3972786486430819,39
387,32.42,49,245,195.4,0.312627,51,0,0,0,0,0,1,35,0,0,0.03425226926114452,39
388,32.48,49,223,203.6,0.311689,51,0,0,0,0,0,1,29,0,0,0.15082802826588054,39
389,32.54,49,263,201.6,0.310754,51,0,0,0,0,0,1,27,0,0,-0.21637215860179546,39
390,32.64,38,400,113.9,0.309822,38,0,0,0,0,0,1,36,0,0,-0.7068226236343974,39
391,32.73,34,400,70.9,0.308892,34,0,0,0,0,0,1,59,0,0,-0.7672406211992852,39
392,32.77,49,192,217.7,0.307965,51,0,0,0,0,0,1,18,0,0,0.16173175124665395,39
393,32.83,49,208,216.1,0.307042,51,0,0,0,0,0,1,18,0,0,0.05563594493603226,39
394,32.92,49,291,194.8,0.30612,51,0,0,0,0,0,1,31,0,0,-0.22432967887897795,39
395,32.99,49,248,198.1,0.305202,51,0,0,0,0,0,1,32,0,0,-0.07367762230441458,39
396,33.09,45,400,161.9,0.304287,45,0,0,0,0,0,1,23,0,0,-0.5307120997160754,39
397,33.15,49,245,212.4,0.303374,51,0,0,0,0,0,1,18,0,0,-0.06568342622925186,39
398,33.21,49,219,212.0,0.302464,51,0,0,0,0,0,1,21,0,0,0.0873914743840769,39
399,33.26,49,223,200.6,0.301556,51,0,0,0,0,0,1,32,0,0,0.08410762406874261,39
400,33.37,49,389,185.0,0.300651,51,0,0,0,0,0,1,31,0,0,-0.44787070020780806,39
401,33.48,49,287,198.2,0.29975,51,0,0,0,0,0,1,28,0,0,-0.1560248552609503,39
402,33.53,49,218,208.1,0.29885,51,0,0,0,0,0,1,25,0,0,0.11401344217098007,39
403,33.59,49,244,203.5,0.297954,51,0,0,0,0,0,1,27,0,0,0.03979701215599493,39
404,33.63,49,173,223.6,0.29706,51,0,0,0,0,0,1,14,0,0,0.2824553763839733,39
405,33.67,49,181,224.8,0.296169,51,0,0,0,0,0,1,12,0,0,0.3784810239492511,39
406,33.7,49,149,226.0,0.29528,51,0,0,0,0,0,1,14,0,0,0.6414454020866581,39
407,33.75,49,185,219.4,0.294394,51,0,0,0,0,0,1,17,0,0,0.3965198239366523,39
408,33.8,49,205,211.4,0.293511,51,0,0,0,0,0,1,23,0,0,0.2779646487299982,39
409,33.86,49,205,210.4,0.292631,51,0,0,0,0,0,1,24,0,0,0.3455616986591087,39
410,33.89,49,155,221.4,0.291753,51,0,0,0,0,0,1,18,0,0,0.5429221038429052,39
411,33.94,49,174,224.5,0.290877,51,0,0,0,0,0,1,13,0,0,0.3866259637660542,39
412,33.97,49,148,233.1,0.290005,51,0,0,0,0,0,1,7,0,0,0.4493819819527352,39
413,34.03,49,188,219.1,0.289135,51,0,0,0,0,0,1,17,0,0,0.37172131044108725,39
414,34.06,49,165,225.4,0.288267,51,0,0,0,0,0,1,13,0,0,0.43086758358842653,39
415,34.11,49,189,222.0,0.287403,51,0,0,0,0,0,1,14,0,0,0.2685696485703411,39
416,34.17,49,170,231.9,0.28654,51,0,0,0,0,0,1,6,0,0,0.21556543087978783,39
417,34.22,49,189,224.0,0.285681,51,0,0,0,0,0,1,12,0,0,0.29786528045826105,39
418,34.25,49,149,234.0,0.284824,51,0,0,0,0,0,1,6,0,0,0.3662832773739717,39
419,34.3,49,170,222.9,0.283969,51,0,0,0,0,0,1,15,0,0,0.29214999134775926,39
420,34.34,49,160,223.9,0.283117,51,0,0,0,0,0,1,15,0,0,0.33783147373380323,39
421,34.38,49,177,215.2,0.282268,51,0,0,0,0,0,1,22,0,0,0.40060430292912885,39
422,34.43,49,200,213.9,0.281421,51,0,0,0,0,0,1,21,0,0,0.2154407376868699,39
423,34.47,49,149,232.0,0.280577,51,0,0,0,0,0,1,8,0,0,0.38657829509896224,39
424,34.5,49,150,230.9,0.279735,51,0,0,0,0,0,1,9,0,0,0.394088510603584,39
425,34.53,49,155,231.4,0.278896,51,0,0,0,0,0,1,8,0,0,0.2894042992649953,39
426,34.58,49,206,215.3,0.278059,51,0,0,0,0,0,1,19,0,0,0.09407904087748158,39
427,34.61,49,156,226.3,0.277225,51,0,0,0,0,0,1,13,0,0,0.3863507207639606,39
428,34.65,49,156,230.3,0.276393,51,0,0,0,0,0,1,9,0,0,0.4067715617265787,39
429,34.71,49,176,220.3,0.275564,51,0,0,0,0,0,1,17,0,0,0.20422496399137052,39
430,34.75,49,171,223.8,0.274738,51,0,0,0,0,0,1,14,0,0,0.2685025000014079,39
431,34.78,49,157,225.2,0.273913,51,0,0,0,0,0,1,14,0,0,0.27340879492532966,39
432,34.82,49,168,221.1,0.273092,51,0,0,0,0,0,1,17,0,0,0.2990298322474958,39
433,34.87,49,181,225.8,0.272272,51,0,0,0,0,0,1,11,0,0,0.14738799672660485,39
434,34.91,49,168,223.1,0.271456,51,0,0,0,0,0,1,15,0,0,0.15401026941792068,39
435,34.96,49,189,222.0,0.270641,51,0,0,0,0,0,1,14,0,0,0.17153146764946514,39
436,35.02,49,181,224.8,0.269829,51,0,0,0,0,0,1,12,0,0,0.12774420560838579,39
437,35.06,49,191,214.8,0.26902,51,0,0,0,0,0,1,21,0,0,0.19921387518532782,39
438,35.1,49,147,229.2,0.268213,51,0,0,0,0,0,1,11,0,0,0.33628891406935096,39
439,35.15,49,180,223.9,0.267408,51,0,0,0,0,0,1,13,0,0,0.17269715846150394,39
440,35.17,49,132,236.7,0.266606,51,0,0,0,0,0,1,5,0,0,0.4240229596430819,39
441,35.22,49,170,218.9,0.265806,51,0,0,0,0,0,1,19,0,0,0.2004815087287185,39
442,35.25,49,147,232.2,0.265009,51,0,0,0,0,0,1,8,0,0,0.2640293767946372,39
443,35.29,49,160,226.9,0.264214,51,0,0,0,0,0,1,12,0,0,0.26093542586120294,39
444,35.33,49,187,218.2,0.263421,51,0,0,0,0,0,1,18,0,0,-0.08538350179550688,39
445,35.36,49,149,227.0,0.262631,51,0,0,0,0,0,1,13,0,0,0.36955586806817287,39
446,35.41,49,209,214.0,0.261843,51,0,0,0,0,0,1,20,0,0,0.09189846157463444,39
447,35.45,49,163,225.6,0.261057,51,0,0,0,0,0,1,13,0,0,0.14395894236639473,39
448,35.5,49,173,225.6,0.260274,51,0,0,0,0,0,1,12,0,0,0.056810939786323775,39
449,35.54,49,158,222.1,0.259493,51,0,0,0,0,0,1,17,0,0,0.21744638737865932,39
450,35.58,49,155,228.4,0.258715,51,0,0,0,0,0,1,11,0,0,0.1705997362010462,39
451,35.62,49,213,219.6,0.257939,51,0,0,0,0,0,1,14,0,0,-0.16151210731593665,39
452,35.66,49,167,226.2,0.257165,51,0,0,0,0,0,1,12,0,0,0.11668046847518083,39
453,35.7,49,143,229.6,0.256393,51,0,0,0,0,0,1,11,0,0,0.3486801921140273,39
454,35.75,49,199,216.0,0.255624,51,0,0,0,0,0,1,19,0,0,0.032991870498387435,39
455,35.81,49,200,223.9,0.254857,51,0,0,0,0,0,1,11,0,0,-0.02090374226713512,39
456,35.86,49,157,221.2,0.254093,51,0,0,0,0,0,1,18,0,0,0.29080062499535964,39
457,35.96,47,400,161.9,0.25333,49,0,0,0,0,0,1,43,0,0,-0.5948370020057575,39
458,36.0,49,202,220.7,0.25257,51,0,0,0,0,0,1,14,0,0,-0.03232874947414014,39
459,36.04,49,193,217.6,0.251813,51,0,0,0,0,0,1,18,0,0,0.005521395675923189,39
460,36.16,49,300,201.9,0.251057,51,0,0,0,0,0,1,23,0,0,-0.5315047596918226,39
461,36.31,47,400,156.9,0.250304,47,0,0,0,0,0,1,38,0,0,-0.725182974959247,39
462,36.37,49,225,217.4,0.249553,51,0,0,0,0,0,1,15,0,0,-0.1483187388731627,39
463,36.42,49,225,212.4,0.248805,51,0,0,0,0,0,1,20,0,0,-0.18634803946111533,39
464,36.46,49,178,228.1,0.248058,51,0,0,0,0,0,1,9,0,0,0.13074481787667555,39
465,36.5,49,182,220.7,0.247314,51,0,0,0,0,0,1,16,0,0,0.1890066640656462,39
466,36.56,49,178,225.1,0.246572,51,0,0,0,0,0,1,12,0,0,0.08744700926827328,39
467,36.69,48,400,163.9,0.245832,48,0,0,0,0,0,1,36,0,0,-0.5579780716499508,39
468,36.77,36,400,100.9,0.245095,36,0,0,0,0,0,1,39,0,0,-0.7751296602941407,39
469,36.89,38,400,115.9,0.24436,38,0,0,0,0,0,1,34,0,0,-0.7343085649000617,39
470,36.94,49,254,209.5,0.243626,51,0,0,0,0,0,1,20,0,0,-0.18518389188588044,39
471,37.0,49,269,199.0,0.242896,51,0,0,0,0,0,1,29,0,0,-0.2285565282376705,39
472,37.04,49,151,228.8,0.242167,51,0,0,0,0,0,1,11,0,0,0.44919395782878585,39
473,37.08,49,171,228.8,0.24144,51,0,0,0,0,0,1,9,0,0,0.33314655328350534,39
474,37.13,49,182,218.7,0.240716,51,0,0,0,0,0,1,18,0,0,0.2809697099201614,39
475,37.16,49,174,219.5,0.239994,51,0,0,0,0,0,1,18,0,0,0.42394122537505563,39
476,37.21,49,192,222.7,0.239274,51,0,0,0,0,0,1,13,0,0,0.23442253140392347,39
477,37.26,49,172,223.7,0.238556,51,0,0,0,0,0,1,14,0,0,0.21281534283780895,39
478,37.31,49,198,218.1,0.23784,51,0,0,0,0,0,1,17,0,0,0.1392533918046339,39
479,37.35,49,188,225.1,0.237127,51,0,0,0,0,0,1,11,0,0,0.10370996391335635,39
480,37.41,49,179,221.0,0.236416,51,0,0,0,0,0,1,16,0,0,0.24509374465742792,39
481,37.46,49,193,210.6,0.235706,51,0,0,0,0,0,1,25,0,0,0.2845206374346492,39
482,37.49,49,148,231.1,0.234999,51,0,0,0,0,0,1,9,0,0,0.38455956246379863,39
483,37.56,49,205,215.4,0.234294,51,0,0,0,0,0,1,19,0,0,0.20661786439238577,39
484,37.61,49,176,224.3,0.233591,51,0,0,0,0,0,1,13,0,0,0.19875731326761265,39
485,37.64,49,143,238.6,0.232891,51,0,0,0,0,0,1,2,0,0,0.47461404207932845,39
486,37.69,49,173,220.6,0.232192,51,0,0,0,0,0,1,17,0,0,0.3406323779971256,39
487,37.73,49,175,220.4,0.231495,51,0,0,0,0,0,1,17,0,0,0.35973949634256386,39
488,37.8,49,269,214.0,0.230801,51,0,0,0,0,0,1,14,0,0,-0.34305721645697523,39
489,37.84,49,165,228.4,0.230108,51,0,0,0,0,0,1,10,0,0,0.3296794980010808,39
490,37.89,49,198,222.1,0.229418,51,0,0,0,0,0,1,13,0,0,0.14109292183941305,39
491,37.94,49,175,222.4,0.22873,51,0,0,0,0,0,1,15,0,0,0.2272913953158926,39
492,37.98,49,177,221.2,0.228044,51,0,0,0,0,0,1,16,0,0,0.1932910909547724,39
493,38.02,49,193,214.6,0.227359,51,0,0,0,0,0,1,21,0,0,0.22491948834631972,39
494,38.07,49,226,220.3,0.226677,51,0,0,0,0,0,1,12,0,0,-0.19244776333005364,39
495,38.12,49,167,228.2,0.225997,51,0,0,0,0,0,1,10,0,0,0.15817471609297365,39
496,38.17,49,181,220.8,0.225319,51,0,0,0,0,0,1,16,0,0,0.13138385045909512,39
497,38.22,49,178,227.1,0.224643,51,0,0,0,0,0,1,10,0,0,0.21754983414989884,39
498,38.27,49,231,216.8,0.223969,51,0,0,0,0,0,1,15,0,0,-0.08704974407640777,39
499,38.31,49,187,220.2,0.223298,51,0,0,0,0,0,1,16,0,0,0.04603027477965496,39
500,38.35,49,163,230.6,0.222628,51,0,0,0,0,0,1,8,0,0,0.2549573909851563,39
501,38.4,49,187,220.2,0.22196,51,0,0,0,0,0,1,16,0,0,0.03822609537920009,39
502,38.44,49,179,227.0,0.221294,51,0,0,0,0,0,1,10,0,0,0.05155359137226106,39
503,38.56,42,400,138.9,0.22063,42,0,0,0,0,0,1,31,0,0,-0.7401933902636256,39
504,38.64,33,400,92.9,0.219968,33,0,0,0,0,0,1,32,0,0,-0.7961136843659002,39
505,38.68,49,177,226.2,0.219308,51,0,0,0,0,0,1,11,0,0,0.17277787491621582,39
506,38.71,49,154,228.5,0.21865,51,0,0,0,0,0,1,11,0,0,0.38321948856884147,39
507,38.75,49,185,219.4,0.217994,51,0,0,0,0,0,1,17,0,0,0.2350187612906093,39
508,38.79,49,172,224.7,0.21734,51,0,0,0,0,0,1,13,0,0,0.3126673607082355,39
509,38.84,49,176,230.3,0.216688,51,0,0,0,0,0,1,7,0,0,0.021640594674843607,39
510,38.91,49,199,226.0,0.216038,51,0,0,0,0,0,1,9,0,0,0.04287595092686729,39
511,38.94,49,155,232.4,0.21539,51,0,0,0,0,0,1,7,0,0,0.38703693745923157,39
512,38.99,49,172,230.7,0.214744,51,0,0,0,0,0,1,7,0,0,0.18385809752299012,39
513,39.03,49,166,229.3,0.2141,51,0,0,0,0,0,1,9,0,0,0.26345054694772335,39
514,39.1,49,247,216.2,0.213457,51,0,0,0,0,0,1,14,0,0,-0.2810553013285636,39
515,39.16,49,180,223.9,0.212817,51,0,0,0,0,0,1,13,0,0,0.20615487749939984,39
516,39.21,49,170,227.9,0.212179,51,0,0,0,0,0,1,10,0,0,0.1420941749540295,39
517,39.27,49,193,219.6,0.211542,51,0,0,0,0,0,1,16,0,0,0.07139240065591575,39
518,39.41,45,400,140.9,0.210907,45,0,0,0,0,0,1,44,0,0,-0.6516413961842543,39
519,39.5,26,400,63.9,0.210275,28,0,0,0,0,0,1,36,0,0,-0.8142144595976195,39
520,39.6,27,400,64.9,0.209644,27,0,0,0,0,0,1,30,0,0,-0.8749251711975307,39
521,39.68,38,400,101.9,0.209015,38,0,0,0,0,0,1,48,0,0,-0.6996563284009926,39
522,39.72,49,213,223.6,0.208388,51,0,0,0,0,0,1,10,0,0,0.02846592521667612,39
523,39.76,49,150,231.9,0.207763,51,0,0,0,0,0,1,8,0,0,0.45852644658925285,39
524,39.8,49,224,223.5,0.20714,51,0,0,0,0,0,1,9,0,0,-0.07419984145215959,39
525,39.84,49,177,225.2,0.206518,51,0,0,0,0,0,1,12,0,0,0.3496191888016894,39
526,39.9,49,275,208.4,0.205899,51,0,0,0,0,0,1,19,0,0,-0.20079424522622288,39
527,39.94,49,149,229.0,0.205281,51,0,0,0,0,0,1,11,0,0,0.5005554197812521,39
528,39.97,49,163,230.6,0.204665,51,0,0,0,0,0,1,8,0,0,0.3546465029281761,39
529,40.02,49,191,213.8,0.204051,51,0,0,0,0,0,1,22,0,0,0.3177641912577595,39
530,40.06,49,166,225.3,0.203439,51,0,0,0,0,0,1,13,0,0,0.32621617752359183,39
531,40.1,49,149,228.0,0.202829,51,0,0,0,0,0,1,12,0,0,0.539741271647051,39
532,40.14,49,204,223.5,0.20222,51,0,0,0,0,0,1,11,0,0,0.03308314628818183,39
533,40.18,49,161,227.8,0.201613,51,0,0,0,0,0,1,11,0,0,0.42539064170713925,39
534,40.23,49,167,229.2,0.201009,51,0,0,0,0,0,1,9,0,0,0.35092857653841414,39
535,40.28,49,172,230.7,0.200406,51,0,0,0,0,0,1,7,0,0,0.3097806547383712,39
536,40.32,49,169,232.0,0.199804,51,0,0,0,0,0,1,6,0,0,0.29526651073120463,39
537,40.37,49,162,222.7,0.199205,51,0,0,0,0,0,1,16,0,0,0.30239984206499243,39
538,40.41,49,155,230.4,0.198607,51,0,0,0,0,0,1,9,0,0,0.44598613415628674,39
539,40.45,49,152,230.7,0.198011,51,0,0,0,0,0,1,9,0,0,0.27915134583516904,39
540,40.48,49,138,237.1,0.197417,51,0,0,0,0,0,1,4,0,0,0.5404282223777656,39
541,40.55,49,189,226.0,0.196825,51,0,0,0,0,0,1,10,0,0,0.2627532567418538,39
542,40.58,49,148,233.1,0.196235,51,0,0,0,0,0,1,7,0,0,0.33478688542397195,39
543,40.62,49,155,231.4,0.195646,51,0,0,0,0,0,1,8,0,0,0.35298020467551305,39
544,40.68,49,161,229.8,0.195059,51,0,0,0,0,0,1,9,0,0,0.26818319502963167,39
545,40.71,49,152,231.7,0.194474,51,0,0,0,0,0,1,8,0,0,0.39903789277871154,39
546,40.76,49,160,226.9,0.19389,51,0,0,0,0,0,1,12,0,0,0.27577461299252853,39
547,40.79,49,136,238.3,0.193309,51,0,0,0,0,0,1,3,0,0,0.38051571123508415,39
548,40.85,49,179,224.0,0.192729,51,0,0,0,0,0,1,13,0,0,0.1874416829382069,39
549,40.89,49,174,234.5,0.192151,51,0,0,0,0,0,1,3,0,0,0.04437999033423282,39
550,40.93,49,153,229.6,0.191574,51,0,0,0,0,0,1,10,0,0,0.30292431139581844,39
551,40.97,49,161,230.8,0.190999,51,0,0,0,0,0,1,8,0,0,0.246957929065252,39
552,41.01,49,162,222.7,0.190427,51,0,0,0,0,0,1,16,0,0,0.34972379287421246,39
553,41.08,49,257,213.2,0.189855,51,0,0,0,0,0,1,16,0,0,-0.30300964454766927,39
554,41.11,49,135,236.4,0.189286,51,0,0,0,0,0,1,5,0,0,0.4094082042543073,39
555,41.16,49,177,230.2,0.188718,51,0,0,0,0,0,1,7,0,0,0.10222097385076435,39
556,41.19,49,151,234.8,0.188152,51,0,0,0,0,0,1,5,0,0,0.32115759707220715,39
557,41.24,49,189,226.0,0.187587,51,0,0,0,0,0,1,10,0,0,0.14547627639684407,39
558,41.28,49,190,222.9,0.187024,51,0,0,0,0,0,1,13,0,0,-0.003924870614888481,39
559,41.32,49,151,227.8,0.186463,51,0,0,0,0,0,1,12,0,0,0.3187558225991215,39
560,41.37,49,243,213.6,0.185904,51,0,0,0,0,0,1,17,0,0,-0.33658860979837346,39
561,41.44,49,233,216.6,0.185346,51,0,0,0,0,0,1,15,0,0,-0.23199896648343835,39
562,41.53,49,331,199.8,0.18479,51,0,0,0,0,0,1,22,0,0,-0.4882355317102161,39
563,41.57,49,173,219.6,0.184236,51,0,0,0,0,0,1,18,0,0,0.0628324786675453,39
564,41.62,49,159,232.0,0.183683,51,0,0,0,0,0,1,7,0,0,0.2537941604238414,39
565,41.66,49,189,228.0,0.183132,51,0,0,0,0,0,1,8,0,0,-0.0385968215377976,39
566,41.72,49,178,224.1,0.182583,51,0,0,0,0,0,1,13,0,0,0.09938409753612816,39
567,41.76,49,168,229.1,0.182035,51,0,0,0,0,0,1,9,0,0,0.2266012434130864,39
568,41.8,49,212,220.7,0.181489,51,0,0,0,0,0,1,13,0,0,-0.14776868867377735,39
569,41.83,49,151,233.8,0.180944,51,0,0,0,0,0,1,6,0,0,0.2576461227243973,39
570,41.87,49,151,234.8,0.180402,51,0,0,0,0,0,1,5,0,0,0.28311297122597057,39
571,41.92,49,169,230.0,0.17986,51,0,0,0,0,0,1,8,0,0,0.195251698844883,39
572,41.97,49,193,225.6,0.179321,51,0,0,0,0,0,1,10,0,0,-0.11148863347877414,39
573,42.01,49,159,232.0,0.178783,51,0,0,0,0,0,1,7,0,0,0.21940817147046965,39
574,42.06,49,193,221.6,0.178246,51,0,0,0,0,0,1,14,0,0,-0.002407949687932043,39
575,42.11,49,166,228.3,0.177712,51,0,0,0,0,0,1,10,0,0,0.11849927737347535,39
576,42.14,49,158,225.1,0.177179,51,0,0,0,0,0,1,14,0,0,0.22143976590244546,39
577,42.17,49,150,228.9,0.176647,51,0,0,0,0,0,1,11,0,0,0.2988001507161046,39
578,42.22,49,156,232.3,0.176117,51,0,0,0,0,0,1,7,0,0,0.1613399634656322,39
579,42.25,49,135,233.4,0.175589,51,0,0,0,0,0,1,8,0,0,0.3983225897537682,39
580,42.34,49,314,202.5,0.175062,51,0,0,0,0,0,1,21,0,0,-0.5100793595245724,39
581,42.38,49,197,228.2,0.174537,51,0,0,0,0,0,1,7,0,0,-0.11698791916788678,39
582,42.44,49,228,220.1,0.174013,51,0,0,0,0,0,1,12,0,0,-0.23241684295052628,39
583,42.48,49,168,227.1,0.173491,51,0,0,0,0,0,1,11,0,0,0.08183678281830095,39
584,42.55,49,187,225.2,0.172971,51,0,0,0,0,0,1,11,0,0,0.10080048521579331,39
585,42.59,49,175,230.4,0.172452,51,0,0,0,0,0,1,7,0,0,0.06793260241275205,39
586,42.62,49,137,237.2,0.171934,51,0,0,0,0,0,1,4,0,0,0.35447455292390473,39
587,42.66,49,154,230.5,0.171419,51,0,0,0,0,0,1,9,0,0,0.1929727448543488,39
588,42.69,49,145,228.4,0.170904,51,0,0,0,0,0,1,12,0,0,0.38910317970189456,39
589,42.74,49,237,217.2,0.170392,51,0,0,0,0,0,1,14,0,0,-0.2518385234670408,39
590,42.78,49,157,231.2,0.16988,51,0,0,0,0,0,1,8,0,0,0.29312515668235267,39
591,42.85,49,179,226.0,0.169371,51,0,0,0,0,0,1,11,0,0,0.08498100566744379,39
592,42.9,49,157,232.2,0.168863,51,0,0,0,0,0,1,7,0,0,0.2107747376971595,39
593,42.94,49,181,228.8,0.168356,51,0,0,0,0,0,1,8,0,0,-0.03043333385844989,39
594,43.2,49,393,187.6,0.167851,51,0,0,0,0,0,1,28,0,0,-0.7159835885238864,39
595,43.31,27,400,57.9,0.167347,29,0,0,0,0,0,1,47,0,0,-0.920596638191648,39
596,43.51,47,400,166.9,0.166845,47,0,0,0,0,0,1,28,0,0,-0.6768291309242779,39
597,43.58,49,270,211.9,0.166345,51,0,0,0,0,0,1,16,0,0,-0.29683449375271165,39
598,43.65,49,311,203.8,0.165846,51,0,0,0,0,0,1,20,0,0,-0.3941226360357291,39
599,43.78,49,138,237.1,0.165348,51,0,0,0,0,0,1,4,0,0,0.4902882976177257,39
600,43.9,49,202,227.7,0.164852,51,0,0,0,0,0,1,7,0,0,0.004013162780246555,39
601,43.94,49,193,225.6,0.164358,51,0,0,0,0,0,1,10,0,0,0.06470056477766566,39
602,44.01,49,173,226.6,0.163865,51,0,0,0,0,0,1,11,0,0,0.2804987677066943,39
603,44.05,49,197,224.2,0.163373,51,0,0,0,0,0,1,11,0,0,0.0420364251561275,39
604,44.08,49,143,235.6,0.162883,51,0,0,0,0,0,1,5,0,0,0.4420737841399262,39
605,44.11,49,144,231.5,0.162394,51,0,0,0,0,0,1,9,0,0,0.5500991340367032,39
606,44.15,49,150,228.9,0.161907,51,0,0,0,0,0,1,11,0,0,0.31881989983802933,39
607,44.18,49,187,230.2,0.161421,51,0,0,0,0,0,1,6,0,0,0.15233675462673665,39
608,44.29,47,400,161.9,0.160937,47,0,0,0,0,0,1,33,0,0,-0.6024070589488465,39
609,44.36,49,220,225.9,0.160454,51,0,0,0,0,0,1,7,0,0,0.006724254273338262,39
610,44.39,49,148,233.1,0.159973,51,0,0,0,0,0,1,7,0,0,0.4139903934063317,39
611,44.42,49,174,228.5,0.159493,51,0,0,0,0,0,1,9,0,0,0.2195777548574191,39
612,44.59,49,400,173.9,0.159015,49,0,0,0,0,0,1,31,0,0,-0.6148589081806491,39
613,44.7,44,400,158.9,0.158538,44,0,0,0,0,0,1,21,0,0,-0.6205872146614345,39
614,44.79,16,400,-1.1,0.158062,16,0,0,0,0,0,1,41,0,0,-0.9794215249873998,39
615,44.83,49,223,212.6,0.157588,51,0,0,0,0,0,1,20,0,0,-0.022950417433554797,39
616,44.86,49,154,230.5,0.157115,51,0,0,0,0,0,1,9,0,0,0.4593003550245936,39
617,44.96,49,245,208.4,0.156644,51,0,0,0,0,0,1,22,0,0,-0.12456408077227013,39
618,45.0,49,170,230.9,0.156174,51,0,0,0,0,0,1,7,0,0,0.30131841445106555,39
619,45.13,49,400,181.9,0.155705,49,0,0,0,0,0,1,23,0,0,-0.5405419863915465,39
620,45.17,49,175,221.4,0.155238,51,0,0,0,0,0,1,16,0,0,0.2161186063831263,39
621,45.21,49,176,232.3,0.154772,51,0,0,0,0,0,1,5,0,0,0.20646712732437883,39
622,45.27,49,177,233.2,0.154308,51,0,0,0,0,0,1,4,0,0,0.19359035830650712,39
623,45.32,49,200,225.9,0.153845,51,0,0,0,0,0,1,9,0,0,0.1735021784922061,39
624,45.36,49,151,229.8,0.153384,51,0,0,0,0,0,1,10,0,0,0.5436206040842709,39
625,45.41,49,198,225.1,0.152923,51,0,0,0,0,0,1,10,0,0,0.2958533428097306,39
626,45.45,49,142,229.7,0.152465,51,0,0,0,0,0,1,11,0,0,0.5852992564534677,39
627,45.49,49,155,227.4,0.152007,51,0,0,0,0,0,1,12,0,0,0.4438483674428511,39
628,45.52,49,134,238.5,0.151551,51,0,0,0,0,0,1,3,0,0,0.5902794063062993,39
629,45.56,49,136,237.3,0.151097,51,0,0,0,0,0,1,4,0,0,0.4240075783375908,39
630,45.59,49,148,231.1,0.150643,51,0,0,0,0,0,1,9,0,0,0.4617581161121361,39
631,45.64,49,173,229.6,0.150191,51,0,0,0,0,0,1,8,0,0,0.2275386758746728,39
632,45.7,49,240,217.9,0.149741,51,0,0,0,0,0,1,13,0,0,-0.06939852744776631,39
633,45.72,49,129,238.0,0.149292,51,0,0,0,0,0,1,4,0,0,0.5518361107254062,39
634,45.75,49,140,233.9,0.148844,51,0,0,0,0,0,1,7,0,0,0.5098927052126815,39
635,45.8,49,160,231.9,0.148397,51,0,0,0,0,0,1,7,0,0,0.31571535901835185,39
636,45.85,49,164,229.5,0.147952,51,0,0,0,0,0,1,9,0,0,0.41033873240316043,39
637,45.87,49,118,238.1,0.147508,51,0,0,0,0,0,1,5,0,0,0.6700229988638633,39
638,45.9,49,137,235.2,0.147066,51,0,0,0,0,0,1,6,0,0,0.441228975882686,39
639,45.94,49,154,234.5,0.146624,51,0,0,0,0,0,1,5,0,0,0.34528207285642853,39
640,45.98,49,163,227.6,0.146184,51,0,0,0,0,0,1,11,0,0,0.42190434576693936,39
641,46.02,49,154,232.5,0.145746,51,0,0,0,0,0,1,7,0,0,0.32227893921395795,39
642,46.05,49,149,235.0,0.145309,51,0,0,0,0,0,1,5,0,0,0.4019464298382304,39
643,46.09,49,148,235.1,0.144873,51,0,0,0,0,0,1,5,0,0,0.31167144341988634,39
644,46.13,49,158,230.1,0.144438,51,0,0,0,0,0,1,9,0,0,0.26872544030935785,39
645,46.16,49,138,232.1,0.144005,51,0,0,0,0,0,1,9,0,0,0.4119150064454698,39
646,46.19,49,145,236.4,0.143573,51,0,0,0,0,0,1,4,0,0,0.17702674584355402,39
647,46.22,49,124,239.5,0.143142,51,0,0,0,0,0,1,3,0,0,0.516708123633766,39
648,46.31,49,155,235.4,0.142713,51,0,0,0,0,0,1,4,0,0,0.20043382189573872,39
649,46.38,49,135,238.4,0.142285,51,0,0,0,0,0,1,3,0,0,0.30456684217514196,39
650,46.42,49,161,225.8,0.141858,51,0,0,0,0,0,1,13,0,0,0.39783320050008203,39
651,46.45,49,133,239.6,0.141432,51,0,0,0,0,0,1,2,0,0,0.36814379831398325,39
652,46.49,49,143,237.6,0.141008,51,0,0,0,0,0,1,3,0,0,0.31542452944700816,39
653,46.52,49,145,236.4,0.140585,51,0,0,0,0,0,1,4,0,0,0.32862250080983063,39
654,46.56,49,140,233.9,0.140163,51,0,0,0,0,0,1,7,0,0,0.29317313073288914,39
655,46.63,49,171,227.8,0.139743,51,0,0,0,0,0,1,10,0,0,0.24614247069874998,39
656,46.67,49,169,229.0,0.139323,51,0,0,0,0,0,1,9,0,0,0.19619061767252582,39
657,46.7,49,134,230.5,0.138905,51,0,0,0,0,0,1,11,0,0,0.45475853001162925,39
658,46.73,49,128,238.1,0.138489,51,0,0,0,0,0,1,4,0,0,0.2959673155213002,39
659,46.76,49,139,236.0,0.138073,51,0,0,0,0,0,1,5,0,0,0.2764341254592774,39
660,46.8,49,149,235.0,0.137659,51,0,0,0,0,0,1,5,0,0,0.3382985254990505,39
661,46.83,49,136,234.3,0.137246,51,0,0,0,0,0,1,7,0,0,0.3784057789734458,39
662,46.87,49,146,232.3,0.136834,51,0,0,0,0,0,1,8,0,0,0.28582770634201154,39
663,46.91,49,147,236.2,0.136424,51,0,0,0,0,0,1,4,0,0,0.24169566103525392,39
664,46.96,49,166,231.3,0.136014,51,0,0,0,0,0,1,7,0,0,0.026630752748674,39
665,47.0,49,143,234.6,0.135606,51,0,0,0,0,0,1,6,0,0,0.24335701275691143,39
666,47.04,49,145,234.4,0.1352,51,0,0,0,0,0,1,6,0,0,0.0892512945765761,39
667,47.08,49,141,236.8,0.134794,51,0,0,0,0,0,1,4,0,0,0.15527320140669418,39
668,47.13,49,151,227.8,0.13439,51,0,0,0,0,0,1,12,0,0,0.2592746173414011,39
669,47.16,49,140,235.9,0.133986,51,0,0,0,0,0,1,5,0,0,0.20816507930585856,39
670,47.2,49,138,238.1,0.133584,51,0,0,0,0,0,1,3,0,0,0.23839338755659917,39
671,47.24,49,133,238.6,0.133184,51,0,0,0,0,0,1,3,0,0,0.2154982535549272,39
672,47.27,49,147,235.2,0.132784,51,0,0,0,0,0,1,5,0,0,0.18770083819268196,39
673,47.3,49,144,234.5,0.132386,51,0,0,0,0,0,1,6,0,0,0.17342261212852997,39
674,47.32,49,122,239.7,0.131989,51,0,0,0,0,0,1,3,0,0,0.22616009058175718,39
675,47.37,49,138,234.1,0.131593,51,0,0,0,0,0,1,7,0,0,0.16149754919688483,39
676,47.4,49,136,235.3,0.131198,51,0,0,0,0,0,1,6,0,0,0.2583324023813072,39
677,47.43,49,146,231.3,0.130804,51,0,0,0,0,0,1,9,0,0,0.2108692821632682,39
678,47.48,49,168,231.1,0.130412,51,0,0,0,0,0,1,7,0,0,-0.18326077556315126,39
679,47.52,49,157,233.2,0.130021,51,0,0,0,0,0,1,6,0,0,0.056153894803541986,39
680,47.56,49,146,234.3,0.129631,51,0,0,0,0,0,1,6,0,0,0.03087227380747367,39
681,47.59,49,160,231.9,0.129242,51,0,0,0,0,0,1,7,0,0,0.017268442979970038,39
682,47.62,49,148,235.1,0.128854,51,0,0,0,0,0,1,5,0,0,0.06788316156346932,39
683,47.66,49,145,237.4,0.128467,51,0,0,0,0,0,1,3,0,0,0.05807598149136062,39
684,47.69,49,134,235.5,0.128082,51,0,0,0,0,0,1,6,0,0,0.24862189242301677,39
685,47.73,49,174,228.5,0.127698,51,0,0,0,0,0,1,9,0,0,-0.15641406706775057,39
686,47.76,49,134,236.5,0.127315,51,0,0,0,0,0,1,5,0,0,0.21770817012003973,39
687,47.83,49,308,211.1,0.126933,51,0,0,0,0,0,1,13,0,0,-0.6657767385989205,39
688,47.95,49,400,168.9,0.126552,49,0,0,0,0,0,1,36,0,0,-0.8575978867679842,39
689,48.01,49,340,204.9,0.126172,51,0,0,0,0,0,1,16,0,0,-0.6688035299089619,39
690,48.05,49,194,226.5,0.125794,51,0,0,0,0,0,1,9,0,0,-0.11269042372884788,39
691,48.08,49,137,238.2,0.125416,51,0,0,0,0,0,1,3,0,0,0.4454631122543315,39
692,48.12,49,146,231.3,0.12504,51,0,0,0,0,0,1,9,0,0,0.4028591394933656,39
693,48.15,49,146,234.3,0.124665,51,0,0,0,0,0,1,6,0,0,0.3426510618193508,39
694,48.27,30,400,87.9,0.124291,30,0,0,0,0,0,1,22,0,0,-1.0359852506292557,39
695,48.42,38,400,110.9,0.123918,38,0,0,0,0,0,1,39,0,0,-0.8411467526106124,39
696,48.5,28,400,66.9,0.123546,28,0,0,0,0,0,1,33,0,0,-0.8260476819598477,39
697,48.59,19,400,14.9,0.123176,19,0,0,0,0,0,1,40,0,0,-0.9393748099755094,39
698,48.65,49,293,203.6,0.122806,51,0,0,0,0,0,1,22,0,0,-0.35184019814023487,39
699,48.7,49,197,228.2,0.122438,51,0,0,0,0,0,1,7,0,0,0.12308561716073371,39
700,48.72,49,133,236.6,0.122071,51,0,0,0,0,0,1,5,0,0,0.6262203438026774,39
701,48.77,49,140,236.9,0.121704,51,0,0,0,0,0,1,4,0,0,0.5551035719633924,39
702,48.81,49,169,231.0,0.121339,51,0,0,0,0,0,1,7,0,0,0.2779776849885702,39
703,48.86,49,149,236.0,0.120975,51,0,0,0,0,0,1,4,0,0,0.3656353116370818,39
704,48.88,49,118,241.1,0.120612,51,0,0,0,0,0,1,2,0,0,0.6843941250588685,39
705,48.92,49,143,234.6,0.12025,51,0,0,0,0,0,1,6,0,0,0.4884962984126241,39
706,48.95,49,125,240.4,0.11989,51,0,0,0,0,0,1,2,0,0,0.4486949092883869,39
707,48.99,49,145,234.4,0.11953,51,0,0,0,0,0,1,6,0,0,0.3480187054584285,39
708,49.01,49,117,242.2,0.119171,51,0,0,0,0,0,1,1,0,0,0.654680770794385,39
709,49.04,49,128,236.1,0.118814,51,0,0,0,0,0,1,6,0,0,0.6349361717518424,39
710,49.08,49,150,233.9,0.118457,51,0,0,0,0,0,1,6,0,0,0.2652389281460054,39
711,49.13,49,207,226.2,0.118102,51,0,0,0,0,0,1,8,0,0,-0.04392255382461826,39
712,49.18,49,199,220.0,0.117748,51,0,0,0,0,0,1,15,0,0,0.12508737391065142,39
713,49.21,49,127,238.2,0.117395,51,0,0,0,0,0,1,4,0,0,0.5821812985284861,39
714,49.24,49,152,234.7,0.117042,51,0,0,0,0,0,1,5,0,0,0.3167670366163641,39
715,49.28,49,147,235.2,0.116691,51,0,0,0,0,0,1,5,0,0,0.37368880712185853,39
716,49.31,49,144,238.5,0.116341,51,0,0,0,0,0,1,2,0,0,0.3406680075340549,39
717,49.36,49,210,228.9,0.115992,51,0,0,0,0,0,1,5,0,0,-0.12918687870141116,39
718,49.39,49,139,236.0,0.115644,51,0,0,0,0,0,1,5,0,0,0.6455532638137602,39
719,49.45,49,180,221.9,0.115297,51,0,0,0,0,0,1,15,0,0,0.184296017466809,39
720,49.49,49,130,238.9,0.114951,51,0,0,0,0,0,1,3,0,0,0.3673382511033695,39
721,49.54,49,158,235.1,0.114606,51,0,0,0,0,0,1,4,0,0,0.019908813798139316,39
722,49.59,49,158,230.1,0.114263,51,0,0,0,0,0,1,9,0,0,0.18543216382689204,39
723,49.64,49,161,233.8,0.11392,51,0,0,0,0,0,1,5,0,0,0.2310951112508411,39
724,49.7,49,173,232.6,0.113578,51,0,0,0,0,0,1,5,0,0,-0.004435828236993305,39
725,49.83,47,400,180.9,0.113237,47,0,0,0,0,0,1,14,0,0,-0.7198320838700928,39
726,49.98,37,400,115.9,0.112898,37,0,0,0,0,0,1,29,0,0,-0.8446767434355347,39
727,50.08,37,400,124.9,0.112559,37,0,0,0,0,0,1,20,0,0,-0.7889664537926682,39
728,50.16,49,350,175.9,0.112221,51,0,0,0,0,0,1,44,0,0,-0.5091082311652154,39
729,50.33,49,400,171.9,0.111885,49,0,0,0,0,0,1,33,0,0,-0.5421666493648348,39
730,50.42,48,400,177.9,0.111549,48,0,0,0,0,0,1,22,0,0,-0.542979458010601,39
731,50.48,49,284,213.5,0.111214,51,0,0,0,0,0,1,13,0,0,-0.251072740775449,39
732,50.53,49,230,220.9,0.110881,51,0,0,0,0,0,1,11,0,0,-0.03546825493392618,39
733,50.59,49,181,232.8,0.110548,51,0,0,0,0,0,1,4,0,0,0.15968252665255933,39
734,50.64,49,152,238.7,0.110216,51,0,0,0,0,0,1,1,0,0,0.4502695412237953,39
735,50.68,49,139,237.0,0.109886,51,0,0,0,0,0,1,4,0,0,0.5073137874208953,39
736,50.74,49,230,217.9,0.109556,51,0,0,0,0,0,1,14,0,0,-0.0986571694257556,39
737,50.8,49,179,227.0,0.109227,51,0,0,0,0,0,1,10,0,0,0.2036568514257751,39
738,50.83,49,147,235.2,0.1089,51,0,0,0,0,0,1,5,0,0,0.35580119306877106,39
739,50.88,49,161,234.8,0.108573,51,0,0,0,0,0,1,4,0,0,0.3087899679898583,39
740,50.92,49,161,233.8,0.108247,51,0,0,0,0,0,1,5,0,0,0.2675352373437688,39
741,50.96,49,136,236.3,0.107923,51,0,0,0,0,0,1,5,0,0,0.6062339923499417,39
742,50.98,49,126,239.3,0.107599,51,0,0,0,0,0,1,3,0,0,0.5848978428648542,39
743,51.17,48,400,177.9,0.107276,48,0,0,0,0,0,1,22,0,0,-0.5317320314333424,39
744,51.26,49,354,197.5,0.106954,51,0,0,0,0,0,1,22,0,0,-0.4342850665777514,39
745,51.3,49,136,236.3,0.106633,51,0,0,0,0,0,1,5,0,0,0.528494362232914,39
746,51.33,49,144,236.5,0.106313,51,0,0,0,0,0,1,4,0,0,0.5095318447470577,39
747,51.4,49,247,219.2,0.105994,51,0,0,0,0,0,1,11,0,0,-0.03932363217985921,39
748,51.5,49,288,216.1,0.105676,51,0,0,0,0,0,1,10,0,0,-0.31136083867784164,39
749,51.55,49,152,234.7,0.105359,51,0,0,0,0,0,1,5,0,0,0.3699570808956448,39
750,51.6,49,220,224.9,0.105043,51,0,0,0,0,0,1,8,0,0,-0.08667973931173233,39
751,51.71,30,400,73.9,0.104728,30,0,0,0,0,0,1,36,0,0,-0.764382355231779,39
752,51.81,49,342,206.7,0.104414,51,0,0,0,0,0,1,14,0,0,-0.38034410642039507,39
753,51.89,49,327,195.2,0.104101,51,0,0,0,0,0,1,27,0,0,-0.35912667056358205,39
754,51.92,49,176,227.3,0.103789,51,0,0,0,0,0,1,10,0,0,0.3117232567089202,39
755,51.97,49,141,232.8,0.103477,51,0,0,0,0,0,1,8,0,0,0.6543633270829646,39
756,52.0,49,140,238.9,0.103167,51,0,0,0,0,0,1,2,0,0,0.47120036741625415,39
757,52.04,49,146,236.3,0.102857,51,0,0,0,0,0,1,4,0,0,0.5241681046066884,39
758,52.08,49,178,230.1,0.102549,51,0,0,0,0,0,1,7,0,0,0.26411873993679746,39
759,52.16,49,288,210.1,0.102241,51,0,0,0,0,0,1,16,0,0,-0.27755624869846285,39
760,52.19,49,135,238.4,0.101934,51,0,0,0,0,0,1,3,0,0,0.6513182135247885,39
761,52.23,49,143,236.6,0.101628,51,0,0,0,0,0,1,4,0,0,0.4494360182685344,39
762,52.26,49,120,240.9,0.101324,51,0,0,0,0,0,1,2,0,0,0.7124899545033886,39
763,52.3,49,142,240.7,0.10102,51,0,0,0,0,0,1,0,0,0,0.5068550322604376,39
764,52.33,49,129,239.0,0.100717,51,0,0,0,0,0,1,3,0,0,0.5050725082911974,39
765,52.36,49,141,233.8,0.100414,51,0,0,0,0,0,1,7,0,0,0.5128700899444998,39
766,52.39,49,138,237.1,0.100113,51,0,0,0,0,0,1,4,0,0,0.40852746247113975,39
767,52.43,49,151,235.8,0.099813,51,0,0,0,0,0,1,4,0,0,0.3993482940716799,39
768,52.46,49,146,231.3,0.099513,51,0,0,0,0,0,1,9,0,0,0.50578619799069,39
769,52.49,49,144,235.5,0.099215,51,0,0,0,0,0,1,5,0,0,0.40122714289013256,39
770,52.52,49,157,230.2,0.098917,51,0,0,0,0,0,1,9,0,0,0.4110622315181102,39
771,52.55,49,126,236.3,0.09862,51,0,0,0,0,0,1,6,0,0,0.5628320948417617,39
772,52.59,49,142,236.7,0.098325,51,0,0,0,0,0,1,4,0,0,0.3898487464120663,39
773,52.63,49,146,239.3,0.09803,51,0,0,0,0,0,1,1,0,0,0.3373051902907466,39
774,52.66,49,131,233.8,0.097736,51,0,0,0,0,0,1,8,0,0,0.41584296409262933,39
775,52.69,49,134,237.5,0.097442,51,0,0,0,0,0,1,4,0,0,0.3720764951267975,39
776,52.72,49,127,237.2,0.09715,51,0,0,0,0,0,1,5,0,0,0.39914534587091527,39
777,52.75,49,134,238.5,0.096859,51,0,0,0,0,0,1,3,0,0,0.39095904254402924,39
778,52.78,49,132,235.7,0.096568,51,0,0,0,0,0,1,6,0,0,0.40033076510021526,39
779,52.83,49,150,238.9,0.096278,51,0,0,0,0,0,1,1,0,0,0.21414979689034017,39
780,52.87,49,162,231.7,0.095989,51,0,0,0,0,0,1,7,0,0,0.20811701693158097,39
781,52.9,49,134,238.5,0.095701,51,0,0,0,0,0,1,3,0,0,0.3629898370231991,39
782,52.94,49,131,239.8,0.095414,51,0,0,0,0,0,1,2,0,0,0.19018036865834373,39
783,52.97,49,135,239.4,0.095128,51,0,0,0,0,0,1,2,0,0,0.2083732209590247,39
784,53.03,49,148,237.1,0.094843,51,0,0,0,0,0,1,3,0,0,0.016599570204526657,39
785,53.06,49,140,235.9,0.094558,51,0,0,0,0,0,1,5,0,0,0.28897662782888767,39
786,53.11,49,192,224.7,0.094275,51,0,0,0,0,0,1,11,0,0,-0.0594659284470282,39
787,53.14,49,120,236.9,0.093992,51,0,0,0,0,0,1,6,0,0,0.5413725526124867,39
788,53.18,49,138,235.1,0.09371,51,0,0,0,0,0,1,6,0,0,0.2720334604711768,39
789,53.21,49,130,237.9,0.093429,51,0,0,0,0,0,1,4,0,0,0.4134128771442578,39
790,53.25,49,154,236.5,0.093148,51,0,0,0,0,0,1,3,0,0,0.19308541116390623,39
791,53.28,49,141,236.8,0.092869,51,0,0,0,0,0,1,4,0,0,0.3265156841207928,39
792,53.33,49,205,228.4,0.09259,51,0,0,0,0,0,1,6,0,0,-0.2664522210141031,39
793,53.36,49,161,234.8,0.092313,51,0,0,0,0,0,1,4,0,0,0.06728779478000675,39
794,53.39,49,117,241.2,0.092036,51,0,0,0,0,0,1,2,0,0,0.5631762186055558,39
795,53.43,49,159,236.0,0.091759,51,0,0,0,0,0,1,3,0,0,0.23201549012500475,39
796,53.45,49,134,240.5,0.091484,51,0,0,0,0,0,1,1,0,0,0.29762156728140704,39
797,53.49,49,132,238.7,0.09121,51,0,0,0,0,0,1,3,0,0,0.2573645126862889,39
798,53.53,49,143,238.6,0.090936,51,0,0,0,0,0,1,2,0,0,0.1485162074802306,39
799,53.56,49,132,238.7,0.090663,51,0,0,0,0,0,1,3,0,0,0.1495568921981623,39
800,53.6,49,143,236.6,0.090391,51,0,0,0,0,0,1,4,0,0,0.16731847685685286,39
801,53.64,49,187,234.2,0.09012,51,0,0,0,0,0,1,2,0,0,-0.2800171253030367,39
802,53.68,49,166,231.3,0.08985,51,0,0,0,0,0,1,7,0,0,-0.03451869114101328,39
803,53.72,49,148,239.1,0.08958,51,0,0,0,0,0,1,1,0,0,0.09951783829653174,39
804,53.75,49,143,234.6,0.089311,51,0,0,0,0,0,1,6,0,0,0.22169216418390564,39
805,53.78,49,131,236.8,0.089044,51,0,0,0,0,0,1,5,0,0,0.4462156803138518,39
806,53.87,48,400,170.9,0.088776,48,0,0,0,0,0,1,29,0,0,-0.8068905569760382,39
807,53.99,31,400,77.9,0.08851,31,0,0,0,0,0,1,37,0,0,-0.9617937782330748,39
808,54.04,49,229,225.0,0.088245,51,0,0,0,0,0,1,7,0,0,-0.1766341454386313,39
809,54.07,49,145,236.4,0.08798,51,0,0,0,0,0,1,4,0,0,0.25385284396043906,39
810,54.11,49,149,237.0,0.087716,51,0,0,0,0,0,1,3,0,0,0.2131253596724508,39
811,54.17,49,182,229.7,0.087453,51,0,0,0,0,0,1,7,0,0,0.016031884504676436,39
812,54.2,49,133,239.6,0.08719,51,0,0,0,0,0,1,2,0,0,0.3858996596391275,39
813,54.47,48,400,171.9,0.086929,48,0,0,0,0,0,1,28,0,0,-0.6960046042764171,39
814,54.57,12,400,-7.1,0.086668,12,0,0,0,0,0,1,27,0,0,-1.0339172485920838,39
815,54.66,23,400,35.9,0.086408,23,0,0,0,0,0,1,39,0,0,-0.8837447894093701,39
816,54.75,24,400,43.9,0.086149,24,0,0,0,0,0,1,36,0,0,-0.8633283088399454,39
817,54.84,46,400,154.9,0.08589,46,0,0,0,0,0,1,35,0,0,-0.5987043869362757,39
818,54.89,49,244,215.5,0.085633,51,0,0,0,0,0,1,15,0,0,-0.14608890966943353,39
819,54.93,49,168,231.1,0.085376,51,0,0,0,0,0,1,7,0,0,0.3330709808492242,39
820,55.0,49,280,214.9,0.08512,51,0,0,0,0,0,1,12,0,0,-0.2736113760834768,39
821,55.06,49,256,215.3,0.084864,51,0,0,0,0,0,1,14,0,0,-0.15349454463010564,39
822,55.1,49,162,232.7,0.08461,51,0,0,0,0,0,1,6,0,0,0.4355337045087441,39
823,55.39,49,400,189.9,0.084356,49,0,0,0,0,0,1,15,0,0,-0.5021351195973509,39
824,55.48,49,349,200.0,0.084103,51,0,0,0,0,0,1,20,0,0,-0.35665393227062836,39
825,55.63,48,400,185.9,0.08385,48,0,0,0,0,0,1,14,0,0,-0.4606789683425689,39
826,55.79,32,400,86.9,0.083599,32,0,0,0,0,0,1,33,0,0,-0.6149248870599997,39
827,55.89,47,400,168.9,0.083348,47,0,0,0,0,0,1,26,0,0,-0.39106558670163993,39
828,56.06,36,400,121.9,0.083098,36,0,0,0,0,0,1,18,0,0,-0.483127115334452,39
829,56.16,30,400,76.9,0.082849,30,0,0,0,0,0,1,33,0,0,-0.5658017470056022,39
830,56.26,49,388,183.1,0.0826,51,0,0,0,0,0,1,33,0,0,-0.27888711421893214,39
831,56.3,49,129,241.0,0.082352,51,0,0,0,0,0,1,1,0,0,0.8170239615505756,39
832,56.34,49,167,234.2,0.082105,51,0,0,0,0,0,1,4,0,0,0.4439983630799872,39
833,56.43,49,229,217.0,0.081859,51,0,0,0,0,0,1,15,0,0,0.06788035092836074,39
834,56.48,49,197,228.2,0.081614,51,0,0,0,0,0,1,7,0,0,0.18097254141270397,39
835,56.52,49,182,231.7,0.081369,51,0,0,0,0,0,1,5,0,0,0.3282753360071796,39
836,56.55,49,131,239.8,0.081125,51,0,0,0,0,0,1,2,0,0,0.7189603521460928,39
837,56.59,49,139,241.0,0.080881,51,0,0,0,0,0,1,0,0,0,0.6231234559300991,39
838,56.63,49,147,234.2,0.080639,51,0,0,0,0,0,1,6,0,0,0.6159508486920832,39
839,56.65,49,126,238.3,0.080397,51,0,0,0,0,0,1,4,0,0,0.7762087959436197,39
840,56.68,49,137,239.2,0.080155,51,0,0,0,0,0,1,2,0,0,0.5711350759014432,39
841,56.71,49,137,239.2,0.079915,51,0,0,0,0,0,1,2,0,0,0.7477861393338692,39
842,56.75,49,134,235.5,0.079675,51,0,0,0,0,0,1,6,0,0,0.7695041427961242,39
843,56.78,49,142,236.7,0.079436,51,0,0,0,0,0,1,4,0,0,0.5826438727076447,39
844,56.82,49,138,236.1,0.079198,51,0,0,0,0,0,1,5,0,0,0.5785644857067799,39
845,57.01,49,400,189.9,0.07896,49,0,0,0,0,0,1,15,0,0,-0.46924662967158787,39
846,57.05,49,189,232.0,0.078723,51,0,0,0,0,0,1,4,0,0,0.23905159516313185,39
847,57.09,49,162,231.7,0.078487,51,0,0,0,0,0,1,7,0,0,0.5115259620633462,39
848,57.13,49,147,236.2,0.078252,51,0,0,0,0,0,1,4,0,0,0.5188270453306091,39
849,57.16,49,124,237.5,0.078017,51,0,0,0,0,0,1,5,0,0,0.6627843064548601,39
850,57.19,49,133,237.6,0.077783,51,0,0,0,0,0,1,4,0,0,0.5682832053399435,39
851,57.24,49,239,224.0,0.07755,51,0,0,0,0,0,1,7,0,0,-0.10526195354572714,39
852,57.27,49,163,234.6,0.077317,51,0,0,0,0,0,1,4,0,0,0.25376153424358106,39
853,57.33,49,212,228.7,0.077085,51,0,0,0,0,0,1,5,0,0,0.02589321038103517,39
854,57.41,45,400,174.9,0.076854,45,0,0,0,0,0,1,10,0,0,-0.5900214495827355,39
855,57.47,49,194,228.5,0.076623,51,0,0,0,0,0,1,7,0,0,0.07167835252840221,39
856,57.5,49,137,241.2,0.076393,51,0,0,0,0,0,1,0,0,0,0.4516133096185216,39
857,57.66,25,400,71.9,0.076164,25,0,0,0,0,0,1,13,0,0,-0.7760465874524264,39
858,57.73,49,338,206.1,0.075936,51,0,0,0,0,0,1,15,0,0,-0.3190436882348154,39
859,57.8,49,333,203.6,0.075708,51,0,0,0,0,0,1,18,0,0,-0.35379571598565196,39
860,57.85,49,170,230.9,0.075481,51,0,0,0,0,0,1,7,0,0,0.28623789657574095,39
861,57.89,49,139,238.0,0.075254,51,0,0,0,0,0,1,3,0,0,0.5582870228677848,39
862,57.92,49,141,239.8,0.075029,51,0,0,0,0,0,1,1,0,0,0.5397627806653816,39
863,57.95,49,136,237.3,0.074803,51,0,0,0,0,0,1,4,0,0,0.7063328444354527,39
864,57.99,49,142,239.7,0.074579,51,0,0,0,0,0,1,1,0,0,0.4790389330023935,39
865,58.03,49,154,235.5,0.074355,51,0,0,0,0,0,1,4,0,0,0.39451440284065314,39
866,58.15,38,400,130.9,0.074132,38,0,0,0,0,0,1,19,0,0,-0.6075526261235562,39
867,58.22,49,266,223.3,0.07391,51,0,0,0,0,0,1,5,0,0,-0.19946101105493166,39
868,58.24,49,122,240.7,0.073688,51,0,0,0,0,0,1,2,0,0,0.766683976350611,39
869,58.28,49,140,239.9,0.073467,51,0,0,0,0,0,1,1,0,0,0.495874000452436,39
870,58.33,49,140,238.9,0.073247,51,0,0,0,0,0,1,2,0,0,0.43931973202048236,39
871,58.35,49,133,240.6,0.073027,51,0,0,0,0,0,1,1,0,0,0.6549405811439712,39
872,58.39,49,138,238.1,0.072808,51,0,0,0,0,0,1,3,0,0,0.6110429829032279,39
873,58.42,49,137,237.2,0.072589,51,0,0,0,0,0,1,4,0,0,0.6286379384715679,39
874,58.45,49,127,240.2,0.072372,51,0,0,0,0,0,1,2,0,0,0.6657320995998764,39
875,58.48,49,124,240.5,0.072155,51,0,0,0,0,0,1,2,0,0,0.6804982959380838,39
876,58.52,49,133,238.6,0.071938,51,0,0,0,0,0,1,3,0,0,0.47513390612980183,39
877,58.55,49,126,240.3,0.071722,51,0,0,0,0,0,1,2,0,0,0.5710826667571519,39
878,58.58,49,138,238.1,0.071507,51,0,0,0,0,0,1,3,0,0,0.3200395194376775,39
879,58.62,49,140,238.9,0.071293,51,0,0,0,0,0,1,2,0,0,0.47720108404315664,39
880,58.64,49,125,238.4,0.071079,51,0,0,0,0,0,1,4,0,0,0.650561312864443,39
881,58.68,49,136,236.3,0.070865,51,0,0,0,0,0,1,5,0,0,0.4217371891904582,39
882,58.71,49,131,234.8,0.070653,51,0,0,0,0,0,1,7,0,0,0.7532688485016957,39
883,58.75,49,144,238.5,0.070441,51,0,0,0,0,0,1,2,0,0,0.36413483382359524,39
884,58.78,49,139,239.0,0.07023,51,0,0,0,0,0,1,2,0,0,0.26269278010354247,39
885,58.83,49,142,237.7,0.070019,51,0,0,0,0,0,1,3,0,0,0.2807146157296437,39
886,58.87,49,140,239.9,0.069809,51,0,0,0,0,0,1,1,0,0,0.23784697286322837,39
887,58.9,49,128,237.1,0.069599,51,0,0,0,0,0,1,5,0,0,0.5979976269448988,39
888,58.93,49,129,238.0,0.069391,51,0,0,0,0,0,1,4,0,0,0.43216692558545916,39
889,58.96,49,122,239.7,0.069182,51,0,0,0,0,0,1,3,0,0,0.4906727195233395,39
890,58.99,49,133,239.6,0.068975,51,0,0,0,0,0,1,2,0,0,0.4285948595334889,39
891,59.02,49,129,241.0,0.068768,51,0,0,0,0,0,1,1,0,0,0.3086545091753589,39
892,59.04,49,132,240.7,0.068562,51,0,0,0,0,0,1,1,0,0,0.16276108960545616,39
893,59.08,49,133,241.6,0.068356,51,0,0,0,0,0,1,0,0,0,0.237523009873464,39
894,59.1,49,120,241.9,0.068151,51,0,0,0,0,0,1,1,0,0,0.43021527667764636,39
895,59.15,49,148,236.1,0.067946,51,0,0,0,0,0,1,4,0,0,0.25291275581724293,39
896,59.2,49,146,240.3,0.067743,51,0,0,0,0,0,1,0,0,0,0.029257984804475622,39
897,59.23,49,130,238.9,0.067539,51,0,0,0,0,0,1,3,0,0,0.4350949967518864,39
898,59.29,49,141,237.8,0.067337,51,0,0,0,0,0,1,3,0,0,0.15474198101551687,39
899,59.31,49,121,242.8,0.067135,51,0,0,0,0,0,1,0,0,0,0.4389388985471896,39
900,59.34,49,117,241.2,0.066933,51,0,0,0,0,0,1,2,0,0,0.4515263676181641,39
901,59.37,49,124,242.5,0.066733,51,0,0,0,0,0,1,0,0,0,0.2104632503070906,39
902,59.4,49,135,239.4,0.066532,51,0,0,0,0,0,1,2,0,0,0.27583002216097596,39
903,59.44,49,136,240.3,0.066333,51,0,0,0,0,0,1,1,0,0,0.11899604493409756,39
904,59.48,49,150,238.9,0.066134,51,0,0,0,0,0,1,1,0,0,0.0525476036104908,39
905,59.51,49,135,236.4,0.065935,51,0,0,0,0,0,1,5,0,0,0.30617030203356405,39
906,59.54,49,137,239.2,0.065738,51,0,0,0,0,0,1,2,0,0,0.3579151984163569,39
907,59.57,49,119,241.0,0.06554,51,0,0,0,0,0,1,2,0,0,0.4539587166194445,39
908,59.59,49,105,244.4,0.065344,51,0,0,0,0,0,1,0,0,0,0.4334917533136216,39
909,59.62,49,134,237.5,0.065148,51,0,0,0,0,0,1,4,0,0,0.27250673010910176,39
910,59.66,49,140,234.9,0.064952,51,0,0,0,0,0,1,6,0,0,0.4286011085476127,39
911,59.69,49,136,241.3,0.064757,51,0,0,0,0,0,1,0,0,0,0.0904238357302316,39
912,59.72,49,134,236.5,0.064563,51,0,0,0,0,0,1,5,0,0,0.3111604152532991,39
913,59.76,49,131,239.8,0.064369,51,0,0,0,0,0,1,2,0,0,0.0749962278471622,39
914,59.79,49,138,240.1,0.064176,51,0,0,0,0,0,1,1,0,0,0.15631607724899388,39
915,59.83,49,141,237.8,0.063984,51,0,0,0,0,0,1,3,0,0,0.31610972865845227,39
916,59.86,49,132,239.7,0.063792,51,0,0,0,0,0,1,2,0,0,0.18522170036339375,39
917,59.89,49,122,239.7,0.0636,51,0,0,0,0,0,1,3,0,0,0.3455469071445842,39
918,59.92,49,133,235.6,0.06341,51,0,0,0,0,0,1,6,0,0,0.31634311159917117,39
919,59.97,49,142,237.7,0.063219,51,0,0,0,0,0,1,3,0,0,0.11587857657040097,39
920,60.01,49,127,237.2,0.06303,51,0,0,0,0,0,1,5,0,0,0.5552400830191148,39
921,60.03,49,130,238.9,0.062841,51,0,0,0,0,0,1,3,0,0,0.18081509507586252,39
922,60.07,49,138,240.1,0.062652,51,0,0,0,0,0,1,1,0,0,0.08199369298980805,39
923,60.09,49,111,243.8,0.062464,51,0,0,0,0,0,1,0,0,0,0.2504663813677485,39
924,60.13,49,153,236.6,0.062277,51,0,0,0,0,0,1,3,0,0,-0.0390673266548189,39
925,60.16,49,127,242.2,0.06209,51,0,0,0,0,0,1,0,0,0,0.3351045407133414,39
926,60.19,49,121,242.8,0.061904,51,0,0,0,0,0,1,0,0,0,0.3176770481608702,39
927,60.23,49,144,237.5,0.061718,51,0,0,0,0,0,1,3,0,0,0.0721473862701114,39
928,60.27,49,152,238.7,0.061533,51,0,0,0,0,0,1,1,0,0,-0.11265569029105231,39
929,60.31,49,136,238.3,0.061348,51,0,0,0,0,0,1,3,0,0,0.10772005805647134,39
930,60.35,49,139,233.0,0.061164,51,0,0,0,0,0,1,8,0,0,0.28013564109694816,39
931,60.39,49,135,239.4,0.060981,51,0,0,0,0,0,1,2,0,0,0.12688097538687693,39
932,60.44,49,156,236.3,0.060798,51,0,0,0,0,0,1,3,0,0,-0.0003572404475409537,39
933,60.49,49,139,239.0,0.060615,51,0,0,0,0,0,1,2,0,0,-0.07163620118585154,39
934,60.52,49,127,241.2,0.060434,51,0,0,0,0,0,1,1,0,0,0.21976964905786184,39
935,60.55,49,128,237.1,0.060252,51,0,0,0,0,0,1,5,0,0,0.2702830507212087,39
936,60.59,49,134,239.5,0.060071,51,0,0,0,0,0,1,2,0,0,0.21948812903632525,39
937,60.62,49,133,240.6,0.059891,51,0,0,0,0,0,1,1,0,0,0.2095131233498161,39
938,60.67,49,144,234.5,0.059712,51,0,0,0,0,0,1,6,0,0,0.04899794230472481,39
939,60.7,49,129,237.0,0.059532,51,0,0,0,0,0,1,5,0,0,0.2785470851443727,39
940,60.73,49,147,238.2,0.059354,51,0,0,0,0,0,1,2,0,0,0.014256922967193279,39
941,60.76,49,137,239.2,0.059176,51,0,0,0,0,0,1,2,0,0,0.09769772616425511,39
942,60.81,49,126,241.3,0.058998,51,0,0,0,0,0,1,1,0,0,0.11996518919203651,39
943,60.84,49,134,237.5,0.058821,51,0,0,0,0,0,1,4,0,0,0.11082224921936688,39
944,60.86,49,121,242.8,0.058645,51,0,0,0,0,0,1,0,0,0,0.27289215293421026,39
945,60.9,49,140,239.9,0.058469,51,0,0,0,0,0,1,1,0,0,0.06645632037008305,39
946,60.93,49,146,237.3,0.058293,51,0,0,0,0,0,1,3,0,0,-0.03701667833958562,39
947,60.96,49,116,241.3,0.058119,51,0,0,0,0,0,1,2,0,0,0.38307892443384517,39
948,61.0,49,132,240.7,0.057944,51,0,0,0,0,0,1,1,0,0,0.09182474855141272,39
949,61.04,49,153,239.6,0.05777,51,0,0,0,0,0,1,0,0,0,-0.14573877164162335,39
950,61.07,49,122,239.7,0.057597,51,0,0,0,0,0,1,3,0,0,0.2758139628913171,39
951,61.1,49,124,240.5,0.057424,51,0,0,0,0,0,1,2,0,0,0.20225745598035808,39
952,61.14,49,135,238.4,0.057252,51,0,0,0,0,0,1,3,0,0,0.10100526418087977,39
953,61.18,49,137,240.2,0.05708,51,0,0,0,0,0,1,1,0,0,0.020937583293317734,39
954,61.21,49,130,240.9,0.056909,51,0,0,0,0,0,1,1,0,0,0.10034727845901018,39
955,61.24,49,113,243.6,0.056738,51,0,0,0,0,0,1,0,0,0,0.3180099177542353,39
956,61.26,49,128,240.1,0.056568,51,0,0,0,0,0,1,2,0,0,0.06439675992130772,39
957,61.3,49,135,239.4,0.056398,51,0,0,0,0,0,1,2,0,0,0.05532937030619688,39
958,61.32,49,118,240.1,0.056229,51,0,0,0,0,0,1,3,0,0,0.2295743303690906,39
959,61.35,49,139,236.0,0.05606,51,0,0,0,0,0,1,5,0,0,0.05743698246443166,39
960,61.39,49,122,241.7,0.055892,51,0,0,0,0,0,1,1,0,0,0.08869245206138364,39
961,61.43,49,145,238.4,0.055725,51,0,0,0,0,0,1,2,0,0,-0.04473938812823923,39
962,61.46,49,134,240.5,0.055557,51,0,0,0,0,0,1,1,0,0,0.1038822703828151,39
963,61.5,49,148,238.1,0.055391,51,0,0,0,0,0,1,2,0,0,0.06064372460255383,39
964,61.53,49,138,237.1,0.055225,51,0,0,0,0,0,1,4,0,0,0.08820648558328788,39
965,61.56,49,124,240.5,0.055059,51,0,0,0,0,0,1,2,0,0,0.2446405388021666,39
966,61.59,49,117,243.2,0.054894,51,0,0,0,0,0,1,0,0,0,0.20442504696951364,39
967,61.63,49,135,239.4,0.054729,51,0,0,0,0,0,1,2,0,0,0.009417765736888233,39
968,61.67,49,129,241.0,0.054565,51,0,0,0,0,0,1,1,0,0,0.09393259408822723,39
969,61.71,49,158,234.1,0.054401,51,0,0,0,0,0,1,5,0,0,-0.1462188640105136,39
970,61.74,49,122,240.7,0.054238,51,0,0,0,0,0,1,2,0,0,0.20599267560016413,39
971,61.77,49,118,242.1,0.054075,51,0,0,0,0,0,1,1,0,0,0.2038286067128879,39
972,61.8,49,129,241.0,0.053913,51,0,0,0,0,0,1,1,0,0,0.16332923540106048,39
973,61.85,49,146,235.3,0.053751,51,0,0,0,0,0,1,5,0,0,0.03738783572785623,39
974,61.88,49,135,238.4,0.05359,51,0,0,0,0,0,1,3,0,0,0.12883520540114715,39
975,61.91,49,125,241.4,0.053429,51,0,0,0,0,0,1,1,0,0,0.14811449583042408,39
976,61.94,49,130,238.9,0.053269,51,0,0,0,0,0,1,3,0,0,0.03262888758045394,39
977,61.98,49,140,239.9,0.053109,51,0,0,0,0,0,1,1,0,0,-0.07950004472235639,39
978,62.01,49,125,241.4,0.05295,51,0,0,0,0,0,1,1,0,0,0.10620202818899604,39
979,62.05,49,131,240.8,0.052791,51,0,0,0,0,0,1,1,0,0,0.24357296021724312,39
980,62.08,49,124,242.5,0.052633,51,0,0,0,0,0,1,0,0,0,0.0794190200366074,39
981,62.12,49,152,238.7,0.052475,51,0,0,0,0,0,1,1,0,0,-0.23614328627675896,39
982,62.15,49,114,243.5,0.052317,51,0,0,0,0,0,1,0,0,0,0.26202792735928915,39
983,62.18,49,137,239.2,0.05216,51,0,0,0,0,0,1,2,0,0,-0.06464012360231282,39
984,62.22,49,154,235.5,0.052004,51,0,0,0,0,0,1,4,0,0,-0.08569218459865482,39
985,62.25,49,135,241.4,0.051848,51,0,0,0,0,0,1,0,0,0,0.03251953026070907,39
986,62.28,49,126,241.3,0.051692,51,0,0,0,0,0,1,1,0,0,0.09229551823300036,39
987,62.32,49,132,236.7,0.051537,51,0,0,0,0,0,1,5,0,0,0.16818413061310297,39
988,62.36,49,141,236.8,0.051383,51,0,0,0,0,0,1,4,0,0,0.0040871636827372725,39
989,62.39,49,123,238.6,0.051228,51,0,0,0,0,0,1,4,0,0,0.2669325938255681,39
990,62.42,49,147,238.2,0.051075,51,0,0,0,0,0,1,2,0,0,-0.15201175894838165,39
991,62.45,49,126,241.3,0.050922,51,0,0,0,0,0,1,1,0,0,0.16349788159246767,39
992,62.48,49,132,238.7,0.050769,51,0,0,0,0,0,1,3,0,0,0.07954688287489439,39
993,62.51,49,129,240.0,0.050617,51,0,0,0,0,0,1,2,0,0,0.06602044602328526,39
994,62.54,49,130,239.9,0.050465,51,0,0,0,0,0,1,2,0,0,0.13274528552589032,39
995,62.56,49,133,240.6,0.050313,51,0,0,0,0,0,1,1,0,0,0.051575582700108986,39
996,62.6,49,144,235.5,0.050162,51,0,0,0,0,0,1,5,0,0,-0.006875351777043757,39
997,62.64,49,147,238.2,0.050012,51,0,0,0,0,0,1,2,0,0,-0.14005891939819265,39
998,62.68,49,132,240.7,0.05,51,0,0,0,0,0,1,1,0,0,0.00033757997358095865,39
999,62.72,49,125,240.4,0.05,51,0,0,0,0,0,1,2,0,0,0.11580337740279618,39
1000,62.75,49,130,241.9,0.05,51,0,0,0,0,0,1,0,0,0,0.01982154431467424,39
