episode,wall_clock_s,score,steps,reward,epsilon,COIN_COLLECTED,CRATE_DESTROYED,COIN_FOUND,KILLED_OPPONENT,KILLED_SELF,GOT_KILLED,SURVIVED_ROUND,INVALID_ACTION,BOMB_DROPPED,WAITED,mean_loss,buffer_size,safe_offense_bombs
1,1.28,1,51,2.188,0.05,1,32,2,0,1,1,0,0,6,6,nan,51,0
2,2.61,1,67,1.168,0.05,1,35,3,0,1,1,0,1,9,8,nan,118,0
3,8.12,1,293,-7.774,0.05,1,49,3,0,1,1,0,1,27,27,nan,411,0
4,8.8,0,41,-2.638,0.05,0,19,2,0,1,1,0,0,5,6,nan,452,0
5,9.64,1,50,0.46,0.05,1,26,1,0,1,1,0,0,7,6,nan,502,0
6,11.36,3,73,3.236,0.05,3,33,3,0,1,1,0,1,9,6,nan,575,0
7,14.13,2,132,3.744,0.05,2,51,2,0,1,1,0,1,16,16,nan,707,0
8,19.87,2,313,-6.768,0.05,2,51,3,0,1,1,0,1,35,31,nan,1020,0
9,19.96,0,7,-4.892,0.05,0,5,1,0,1,1,0,0,1,0,nan,1027,0
10,20.77,2,48,1.168,0.05,2,23,3,0,1,1,0,0,6,9,nan,1075,0
11,21.23,0,31,-2.666,0.05,0,17,0,0,1,1,0,0,4,5,nan,1106,0
12,21.65,0,29,-2.904,0.05,0,16,0,0,1,1,0,0,3,4,nan,1135,0
13,22.2,0,35,-0.806,0.05,0,24,1,0,1,1,0,0,5,5,nan,1170,0
14,23.24,2,53,0.26,0.05,2,21,2,0,0,1,0,0,6,8,nan,1223,0
15,30.4,2,400,-7.308,0.05,2,43,3,0,0,0,1,0,40,41,nan,1623,0
16,30.8,1,27,-1.234,0.05,1,16,3,0,1,1,0,0,4,5,nan,1650,0
17,31.96,1,67,0.09,0.05,1,28,2,0,0,1,0,0,9,13,nan,1717,0
18,34.56,0,121,1.164,0.05,0,47,1,0,1,1,0,0,15,14,nan,1838,0
19,38.56,6,196,3.978,0.05,1,41,2,1,1,1,0,0,21,18,nan,2034,0
20,39.81,1,92,-2.06,0.05,1,26,1,0,1,1,0,0,7,14,nan,2126,0
21,41.32,2,68,0.594,0.05,2,25,3,0,1,1,0,0,8,5,nan,2194,0
22,41.58,0,20,-3.864,0.05,0,11,1,0,1,1,0,0,2,4,nan,2214,0
23,42.36,0,45,-1.984,0.05,0,22,0,0,1,1,0,0,5,4,nan,2259,0
24,44.59,1,93,-2.832,0.05,1,30,3,0,1,1,0,2,10,11,nan,2352,0
25,44.66,0,7,-5.182,0.05,0,4,0,0,1,1,0,0,1,2,nan,2359,0
26,46.14,1,74,3.554,0.05,1,41,3,0,1,1,0,0,9,9,nan,2433,0
27,46.2,0,6,-5.43,0.05,0,3,0,0,1,1,0,0,1,1,nan,2439,0
28,46.27,0,5,-5.362,0.05,0,3,0,0,1,1,0,0,1,1,nan,2444,0
29,47.91,1,79,0.81,0.05,1,36,4,0,1,1,0,1,9,11,nan,2523,0
30,49.15,2,60,1.95,0.05,2,28,4,0,1,1,0,0,7,9,nan,2583,0
31,49.23,0,7,-4.582,0.05,0,6,1,0,1,1,0,0,1,3,nan,2590,0
32,49.33,0,8,-5.552,0.05,0,3,0,0,1,1,0,0,1,1,nan,2598,0
33,50.48,3,59,3.826,0.05,3,29,4,0,1,1,0,0,7,9,nan,2657,0
34,51.61,2,56,2.44,0.05,2,29,2,0,1,1,0,0,7,10,nan,2713,0
35,52.27,1,35,-1.398,0.05,1,17,1,0,1,1,0,0,5,8,nan,2748,0
36,52.35,0,7,-4.892,0.05,0,5,0,0,1,1,0,0,1,0,nan,2755,0
37,57.02,3,400,-2.492,0.05,3,53,5,0,0,0,1,0,47,48,nan,3155,0
38,57.36,0,22,-4.244,0.05,0,10,1,0,1,1,0,0,3,6,nan,3177,0
39,59.08,2,77,4.586,0.05,2,40,3,0,1,1,0,0,9,9,nan,3254,0
40,59.78,1,43,-1.608,0.05,1,18,2,0,1,1,0,0,5,9,nan,3297,0
41,63.23,2,134,2.174,0.05,2,46,5,0,1,1,0,1,15,17,nan,3431,0
42,64.51,2,144,7.966,0.05,2,64,5,0,1,1,0,0,17,18,nan,3575,0
43,65.59,1,56,0.606,0.05,1,31,1,0,1,1,0,1,7,9,nan,3631,0
44,66.77,1,59,0.138,0.05,1,30,1,0,1,1,0,1,8,10,nan,3690,0
45,72.06,2,316,-5.882,0.05,2,51,2,0,1,1,0,0,35,32,nan,4006,0
46,75.62,4,348,-2.22,0.05,4,63,5,0,1,1,0,1,38,37,nan,4354,0
47,80.95,4,292,-5.14,0.05,4,46,6,0,1,1,0,2,30,37,nan,4646,0
48,82.12,2,59,-0.22,0.05,2,24,3,0,1,1,0,1,6,9,nan,4705,0
49,83.62,1,70,0.2,0.05,1,29,4,0,1,1,0,0,8,8,nan,4775,0
50,85.73,1,91,2.604,0.05,1,41,2,0,1,1,0,0,11,11,nan,4866,0
51,87.89,1,186,1.936,0.05,1,57,1,0,1,1,0,0,22,18,0.08254746268591229,5052,0
52,89.2,0,43,-3.042,0.05,0,18,0,0,1,1,0,0,6,10,0.0732247171230441,5095,0
53,92.66,4,105,6.304,0.05,4,41,6,0,1,1,0,0,13,14,0.06734871690471968,5200,0
54,93.16,1,21,-3.584,0.05,1,7,1,0,1,1,0,0,3,5,0.08397389757668688,5221,0
55,93.97,0,32,-4.198,0.05,0,12,2,0,1,1,0,0,4,13,0.07045903356629424,5253,0
56,97.79,0,117,-1.564,0.05,0,37,1,0,1,1,0,0,15,24,0.05532642484953006,5370,0
57,99.67,0,58,-2.742,0.05,0,22,2,0,1,1,0,0,6,7,0.06726785201643562,5428,0
58,101.96,0,69,-2.756,0.05,0,24,0,0,0,1,0,0,7,12,0.05912265772728816,5497,0
59,102.27,0,14,-4.974,0.05,0,6,0,0,1,1,0,0,2,6,0.04682313637541873,5511,0
60,102.65,1,17,-3.664,0.05,1,6,1,0,1,1,0,0,2,7,0.04701107203522149,5528,0
61,102.82,0,7,-5.482,0.05,0,3,1,0,1,1,0,0,1,2,0.08758458282266345,5535,0
62,103.68,0,31,-3.858,0.05,0,13,1,0,1,1,0,0,4,9,0.06488236406397435,5566,0
63,107.35,3,106,6.516,0.05,3,47,4,0,1,1,0,0,13,16,0.05613863778318155,5672,0
64,108.38,2,34,-0.548,0.05,2,18,1,0,1,1,0,1,4,4,0.07544519941267722,5706,0
65,110.61,1,68,-0.384,0.05,1,30,2,0,1,1,0,1,8,10,0.06678180871805285,5774,0
66,116.17,7,212,4.022,0.05,2,39,3,1,1,1,0,0,26,36,0.06846724495397143,5986,0
67,121.8,2,164,-0.364,0.05,2,40,3,0,1,1,0,0,19,41,0.07010816007557256,6150,0
68,123.71,0,60,-4.228,0.05,0,24,1,0,1,1,0,2,8,11,0.058639116243769725,6210,0
69,124.05,0,14,-4.674,0.05,0,7,0,0,1,1,0,0,2,7,0.06027372148154037,6224,0
70,124.17,0,5,-5.362,0.05,0,3,1,0,1,1,0,0,1,3,0.06228854730725288,6229,0
71,127.53,3,100,3.526,0.05,3,36,6,0,0,1,0,0,12,18,0.06399775269441306,6329,0
72,128.43,1,33,-2.148,0.05,1,14,1,0,0,1,0,0,4,8,0.06972381088769797,6362,0
73,134.43,3,181,-0.496,0.05,3,38,3,0,1,1,0,0,21,37,0.06309777523972382,6543,0
74,135.47,2,38,0.102,0.05,2,18,3,0,1,1,0,0,4,9,0.0665880793117379,6581,0
75,137.87,1,70,1.394,0.05,1,33,2,0,1,1,0,0,9,13,0.060740160516330174,6651,0
76,139.63,3,72,3.384,0.05,3,30,3,0,1,1,0,0,9,7,0.06701792444154206,6723,0
77,141.2,1,49,-1.3,0.05,1,20,1,0,1,1,0,0,7,8,0.051701471969789387,6772,0
78,142.85,1,53,1.458,0.05,1,30,1,0,1,1,0,0,7,10,0.06346944817956889,6825,0
79,145.02,0,65,-2.506,0.05,0,24,1,0,1,1,0,0,8,10,0.06257239312220078,6890,0
80,146.19,3,39,2.554,0.05,3,21,4,0,1,1,0,0,4,7,0.07427993865731435,6929,0
81,147.24,0,37,-4.17,0.05,0,13,2,0,1,1,0,0,5,10,0.057339159318724194,6966,0
82,147.67,0,17,-4.864,0.05,0,7,0,0,1,1,0,0,2,3,0.07115097102873466,6983,0
83,157.09,3,298,-7.322,0.05,3,38,6,0,1,1,0,0,27,95,0.06512739548409645,7281,0
84,160.0,2,89,3.018,0.05,2,37,2,0,1,1,0,0,12,17,0.06438667306237006,7370,0
85,161.64,1,54,-0.374,0.05,1,24,2,0,1,1,0,0,7,11,0.04956992422403009,7424,0
86,164.22,2,77,4.29,0.05,2,39,4,0,1,1,0,0,10,13,0.06473586537766379,7501,0
87,165.55,1,43,-1.88,0.05,1,17,1,0,1,1,0,0,6,7,0.08057053906973018,7544,0
88,166.52,1,32,-1.218,0.05,1,17,1,0,1,1,0,0,4,5,0.05248420423595235,7576,0
89,167.28,2,29,-0.756,0.05,2,13,2,0,1,1,0,0,3,4,0.07246168436289861,7605,0
90,170.17,0,84,2.416,0.05,0,44,1,0,1,1,0,0,10,15,0.0659289714392452,7689,0
91,170.28,0,5,-5.362,0.05,0,3,0,0,1,1,0,0,1,0,0.08356655091047287,7694,0
92,171.68,2,45,2.518,0.05,2,27,3,0,1,1,0,0,5,4,0.06544310736159484,7739,0
93,172.16,0,18,-4.314,0.05,0,9,0,0,1,1,0,0,2,4,0.061520577097932495,7757,0
94,172.58,0,18,-3.734,0.05,0,11,2,0,1,1,0,0,2,2,0.08711974198619525,7775,0
95,172.88,0,14,-5.602,0.05,0,4,0,0,1,1,0,0,1,8,0.07066324526177985,7789,0
96,173.03,0,6,-6.022,0.05,0,1,0,0,1,1,0,0,1,3,0.06078240585823854,7795,0
97,173.14,0,5,-5.362,0.05,0,3,0,0,1,1,0,0,1,1,0.07776888646185398,7800,0
98,179.07,3,179,0.416,0.05,3,44,4,0,1,1,0,1,20,30,0.05492476032599391,7979,0
99,179.9,0,31,-4.746,0.05,0,10,0,0,1,1,0,0,4,8,0.07544634551290542,8010,0
100,182.57,1,76,1.05,0.05,1,33,1,0,1,1,0,0,10,12,0.06539264371569611,8086,0
101,182.73,0,7,-4.882,0.05,0,5,1,0,1,1,0,0,1,1,0.05630845443478653,8093,0
102,185.97,4,94,5.746,0.05,4,37,3,0,0,1,0,0,11,10,0.058734678712851825,8187,0
103,187.33,1,44,0.79,0.05,1,26,2,0,1,1,0,0,6,13,0.05496910800734027,8231,0
104,187.44,0,5,-5.362,0.05,0,3,0,0,1,1,0,0,1,1,0.0681086614727974,8236,0
105,189.77,0,105,-3.34,0.05,0,29,1,0,1,1,0,0,12,32,0.05745725413518293,8341,0
106,191.37,2,51,-0.812,0.05,2,17,2,0,0,1,0,0,6,7,0.05578175652772188,8392,0
107,195.51,2,117,3.462,0.05,2,44,3,0,1,1,0,0,13,19,0.06318509502288623,8509,0
108,197.84,1,65,-0.114,0.05,1,27,2,0,0,1,0,0,7,12,0.06567756784363435,8574,0
109,200.23,7,73,10.206,0.05,2,33,2,1,1,1,0,0,8,9,0.05399196830973642,8647,0
110,210.92,1,400,-8.978,0.05,1,46,3,0,0,0,1,1,33,135,0.06231228469638154,9047,0
111,212.78,1,58,1.168,0.05,1,30,1,0,1,1,0,0,6,13,0.05410082225591458,9105,0
112,215.01,2,88,4.18,0.05,2,41,2,0,0,1,0,0,8,15,0.061551288278265434,9193,0
113,216.71,3,54,5.618,0.05,3,34,5,0,1,1,0,0,7,9,0.05449493741616607,9247,0
114,217.36,1,24,-3.174,0.05,1,9,2,0,1,1,0,0,3,8,0.05558390791217486,9271,0
115,219.38,1,66,0.694,0.05,1,30,1,0,1,1,0,0,9,14,0.06334094940261407,9337,0
116,219.93,0,21,-4.486,0.05,0,9,1,0,1,1,0,0,3,7,0.05501933058812505,9358,0
117,220.1,0,7,-4.582,0.05,0,6,0,0,1,1,0,0,1,2,0.06419920522187438,9365,0
118,221.61,1,50,-2.66,0.05,1,19,3,0,1,1,0,1,6,8,0.05999309215694666,9415,0
119,221.79,0,8,-4.642,0.05,0,6,0,0,1,1,0,0,1,1,0.08565128350164741,9423,0
120,223.83,1,84,-1.776,0.05,1,35,3,0,1,1,0,3,10,15,0.06735445532415595,9507,0
121,225.57,2,54,-0.108,0.05,2,20,1,0,0,1,0,0,7,14,0.05421992944967416,9561,0
122,226.47,0,30,-4.414,0.05,0,11,0,0,1,1,0,0,4,6,0.05611819103360176,9591,0
123,227.99,3,47,4.81,0.05,3,30,4,0,1,1,0,0,5,5,0.06569960632143503,9638,0
124,229.33,2,44,1.38,0.05,2,23,2,0,1,1,0,0,5,6,0.050756825007159605,9682,0
125,229.66,0,14,-4.384,0.05,0,8,0,0,1,1,0,0,2,4,0.047597394857023446,9696,0
126,230.24,1,21,-2.706,0.05,1,10,1,0,1,1,0,0,3,6,0.05956440826966649,9717,0
127,231.94,0,58,-1.594,0.05,0,29,2,0,1,1,0,1,8,14,0.06566944246276699,9775,0
128,234.7,1,79,-2.348,0.05,1,29,3,0,1,1,0,2,7,8,0.06097023383584581,9854,0
129,237.74,2,87,3.738,0.05,2,39,4,0,1,1,0,0,11,11,0.05165571386486977,9941,0
130,238.56,0,30,-4.098,0.05,0,12,0,0,1,1,0,0,4,9,0.06294570428629716,9971,0
131,240.67,1,63,2.112,0.05,1,34,3,0,1,1,0,0,9,11,0.06805562630059227,10034,0
132,240.82,0,7,-5.182,0.05,0,4,1,0,1,1,0,0,1,2,0.0629348699003458,10041,0
133,245.27,1,130,0.816,0.05,1,44,4,0,1,1,0,0,14,36,0.060705497187490645,10171,0
134,246.62,1,44,-0.71,0.05,1,21,1,0,1,1,0,0,6,9,0.05325508657419546,10215,0
135,256.63,2,400,-7.864,0.05,2,41,2,0,0,0,1,0,33,161,0.06099755686940625,10615,0
136,257.51,2,34,0.154,0.05,2,17,2,0,1,1,0,0,4,9,0.05635906295741305,10649,0
137,267.22,2,400,-9.628,0.05,2,46,3,0,0,0,1,3,26,74,0.06656141240848229,11049,0
138,273.62,1,204,-0.37,0.05,1,53,5,0,1,1,0,0,21,37,0.06497776167302885,11253,0
139,284.21,3,400,-2.582,0.05,3,57,4,0,0,0,1,1,34,113,0.06010959941893816,11653,0
140,286.77,3,75,-0.096,0.05,3,27,5,0,1,1,0,2,8,24,0.05895562234024207,11728,0
141,290.18,5,106,5.5,0.05,5,37,6,0,1,1,0,1,11,5,0.05510327427314138,11834,0
142,293.52,4,102,6.728,0.05,4,45,6,0,1,1,0,1,13,17,0.0606880982534266,11936,0
143,297.53,2,173,0.634,0.05,2,45,4,0,1,1,0,0,21,36,0.057945167408943864,12109,0
144,302.29,4,154,4.674,0.05,4,45,4,0,1,1,0,0,18,26,0.05683889365815497,12263,0
145,303.88,1,53,0.588,0.05,1,27,1,0,1,1,0,0,6,10,0.06635729234033036,12316,0
146,306.28,3,75,6.824,0.05,3,42,3,0,1,1,0,0,9,15,0.05001022692769766,12391,0
147,316.78,1,400,-10.28,0.05,1,47,2,0,0,0,1,2,37,133,0.057039509864989665,12791,0
148,321.23,2,213,-2.078,0.05,2,44,4,0,1,1,0,0,22,53,0.05497541701412397,13004,0
149,326.18,2,157,-1.626,0.05,2,35,3,0,1,1,0,0,17,42,0.055096163728814214,13161,0
150,328.59,1,71,3.782,0.05,1,41,1,0,1,1,0,0,10,16,0.05777438659168465,13232,0
151,331.93,2,98,3.918,0.05,2,42,3,0,1,1,0,0,12,18,0.045931221432603746,13330,0
152,336.77,3,136,3.568,0.05,3,43,6,0,1,1,0,0,17,13,0.06010509740479071,13466,0
153,339.76,1,87,2.25,0.05,1,39,2,0,1,1,0,0,11,18,0.052952252446149276,13553,0
154,342.62,3,98,-1.198,0.05,3,33,2,0,1,1,0,4,11,16,0.05393623248008745,13651,0
155,349.44,1,204,-1.634,0.05,1,52,1,0,1,1,0,1,22,55,0.050435618205251644,13855,0
156,350.53,4,36,3.352,0.05,4,18,5,0,1,1,0,0,4,7,0.056276848513839975,13891,0
157,350.97,0,17,-5.164,0.05,0,6,0,0,1,1,0,0,2,5,0.05545395251144381,13908,0
158,352.44,1,52,1.206,0.05,1,29,3,0,1,1,0,0,7,7,0.06342569624002163,13960,0
159,352.55,0,5,-5.672,0.05,0,2,0,0,1,1,0,0,1,0,0.053232927620410916,13965,0
160,357.56,2,140,4.158,0.05,2,54,3,0,1,1,0,1,17,22,0.05805679067437138,14105,0
161,358.99,1,46,-2.63,0.05,1,15,1,0,1,1,0,0,5,15,0.06214024727840139,14151,0
162,359.74,0,28,-3.976,0.05,0,12,1,0,1,1,0,0,4,8,0.04316988520856414,14179,0
163,362.08,1,69,2.992,0.05,1,38,3,0,1,1,0,0,8,10,0.06116845128058955,14248,0
164,374.15,4,400,-2.0,0.05,4,57,5,0,0,0,1,2,41,86,0.055438416430260984,14648,0
165,375.14,1,37,-0.91,0.05,1,19,1,0,1,1,0,0,5,8,0.06113764072290143,14685,0
166,376.29,0,39,-6.774,0.05,0,5,0,0,1,1,0,0,2,5,0.04734835253120997,14724,0
167,377.19,1,33,-3.406,0.05,1,10,1,0,1,1,0,0,3,6,0.05044880303356684,14757,0
168,379.11,1,60,1.98,0.05,1,33,2,0,1,1,0,0,8,8,0.05773220108821988,14817,0
169,391.63,1,400,-8.97,0.05,1,53,1,0,0,0,1,3,31,126,0.056185201185289774,15217,0
170,401.58,2,400,-10.016,0.05,2,41,2,0,0,0,1,2,31,154,0.050523080877028406,15617,0
171,401.73,0,6,-5.432,0.05,0,3,0,0,1,1,0,0,1,1,0.06351972122987111,15623,0
172,403.68,2,55,2.574,0.05,2,29,2,0,1,1,0,0,8,5,0.04431247475811027,15678,0
173,404.8,0,38,-3.348,0.05,0,16,1,0,1,1,0,0,5,6,0.05215271023151122,15716,0
174,407.23,0,66,-2.234,0.05,0,25,2,0,0,1,0,0,8,4,0.047040637215655864,15782,0
175,409.9,2,75,2.022,0.05,2,31,2,0,0,1,0,0,9,10,0.05672100325425466,15857,0
176,410.08,0,8,-5.252,0.05,0,4,1,0,1,1,0,0,1,1,0.07355350628495216,15865,0
177,412.79,0,79,-2.478,0.05,0,30,0,0,1,1,0,1,10,14,0.04972570238611366,15944,0
178,413.98,1,40,-1.06,0.05,1,19,2,0,1,1,0,0,5,5,0.04852374398615211,15984,0
179,415.33,0,45,-2.27,0.05,0,21,0,0,1,1,0,0,6,8,0.054374534367687175,16029,0
180,425.81,2,400,-5.966,0.05,2,55,5,0,0,0,1,2,34,74,0.05270464199129492,16429,0
181,429.42,0,100,-3.668,0.05,0,27,4,0,0,1,0,0,11,17,0.05507724211551249,16529,0
182,438.19,3,267,-6.8,0.05,3,37,3,0,1,1,0,1,25,82,0.04964984059752373,16796,0
183,439.85,1,55,-0.76,0.05,1,23,3,0,1,1,0,0,7,11,0.05043334679847414,16851,0
184,441.98,3,64,2.622,0.05,3,26,4,0,1,1,0,0,7,7,0.050986421716515906,16915,0
185,449.19,1,249,-8.642,0.05,1,38,4,0,1,1,0,1,24,61,0.04880587924571042,17164,0
186,451.52,0,73,2.394,0.05,0,42,2,0,1,1,0,0,9,16,0.04880741634087203,17237,0
187,453.48,0,76,-0.468,0.05,0,33,1,0,1,1,0,0,10,9,0.05537191978165586,17313,0
188,454.46,3,35,0.684,0.05,3,14,3,0,1,1,0,0,3,7,0.04755650479346514,17348,0
189,455.81,0,44,-0.112,0.05,0,28,1,0,0,1,0,0,6,5,0.06664493538185277,17392,0
190,460.01,2,129,2.402,0.05,2,43,2,0,1,1,0,0,14,17,0.0433157589575348,17521,0
191,463.32,3,93,2.172,0.05,3,37,7,0,1,1,0,2,8,18,0.051443783566355705,17614,0
192,465.34,0,59,0.844,0.05,0,34,1,0,0,1,0,0,8,7,0.05590704514376693,17673,0
193,466.51,3,41,-0.64,0.05,3,14,4,0,0,1,0,1,5,6,0.04238548538670307,17714,0
194,466.67,0,7,-5.792,0.05,0,2,0,0,1,1,0,0,1,2,0.06646243030471462,17721,0
195,477.88,2,400,-6.374,0.05,2,50,5,0,0,0,1,1,29,159,0.04989995014853776,18121,0
196,479.26,1,45,-2.04,0.05,1,20,1,0,1,1,0,1,6,9,0.05126725426978535,18166,0
197,479.61,0,15,-5.352,0.05,0,5,1,0,1,1,0,0,2,4,0.0679402398566405,18181,0
198,479.77,0,7,-4.582,0.05,0,6,0,0,1,1,0,0,1,2,0.03767799665885312,18188,0
199,483.8,3,106,-0.038,0.05,3,26,3,0,0,1,0,0,10,24,0.048931659392590796,18294,0
200,484.35,0,22,-3.656,0.05,0,12,1,0,1,1,0,0,3,7,0.05189638102257794,18316,0
201,484.75,0,15,-5.044,0.05,0,6,0,0,1,1,0,0,2,4,0.036380993326505025,18331,0
202,485.25,0,20,-4.424,0.05,0,9,0,0,1,1,0,0,3,5,0.06089611453935504,18351,0
203,485.9,0,24,-3.764,0.05,0,12,1,0,1,1,0,0,3,6,0.06275931982478748,18375,0
204,488.47,1,79,-3.412,0.05,1,19,1,0,1,1,0,0,8,15,0.057635413235218466,18454,0
205,491.66,3,96,8.002,0.05,3,50,6,0,1,1,0,0,10,17,0.05282391655297639,18550,0
206,492.94,2,61,1.926,0.05,2,28,2,0,1,1,0,0,6,8,0.047900497714882015,18611,0
207,493.26,0,13,-5.214,0.05,0,5,1,0,1,1,0,0,2,4,0.05472704954445362,18624,0
208,496.1,3,81,2.756,0.05,3,30,4,0,1,1,0,0,9,17,0.053721129480335444,18705,0
209,497.9,2,55,1.024,0.05,2,24,5,0,1,1,0,0,5,5,0.05439560157670216,18760,0
210,499.33,0,44,-4.6,0.05,0,13,0,0,1,1,0,0,5,5,0.05474856241860173,18804,0
211,506.6,1,400,-8.428,0.05,1,52,5,0,0,0,1,2,32,91,0.05504303491907194,19204,0
212,507.05,0,18,-3.714,0.05,0,11,1,0,1,1,0,0,2,5,0.03764627625544866,19222,0
213,509.65,3,72,4.002,0.05,3,32,3,0,0,1,0,0,8,8,0.05224613780673179,19294,0
214,510.09,1,19,-2.274,0.05,1,11,2,0,1,1,0,0,2,3,0.0779591346845815,19313,0
215,511.56,2,52,1.556,0.05,2,25,2,0,1,1,0,0,7,12,0.06113307790544171,19365,0
216,511.67,0,5,-5.062,0.05,0,4,0,0,1,1,0,0,1,3,0.036177804321050645,19370,0
217,513.37,3,55,0.03,0.05,3,19,4,0,1,1,0,1,6,5,0.05497585802593014,19425,0
218,519.3,3,175,-4.492,0.05,3,32,5,0,1,1,0,2,18,43,0.052887060173920225,19600,0
219,519.46,0,7,-4.882,0.05,0,5,0,0,1,1,0,0,1,2,0.04194060925926481,19607,0
220,520.13,1,26,-1.466,0.05,1,15,2,0,1,1,0,0,3,3,0.04388304742482992,19633,0
221,520.27,0,6,-5.73,0.05,0,2,0,0,1,1,0,0,1,1,0.06863504135981202,19639,0
222,524.65,1,130,-0.932,0.05,1,37,1,0,1,1,0,0,14,35,0.05493865929400692,19769,0
223,529.43,1,142,2.622,0.05,1,51,4,0,1,1,0,0,16,26,0.056533733736986,19911,0
224,533.01,1,115,-0.026,0.05,1,37,2,0,1,1,0,0,13,19,0.06035142796842948,20026,0
225,533.85,1,33,-3.076,0.05,1,11,1,0,1,1,0,0,4,5,0.05536421244456009,20059,0
226,534.18,0,14,-4.974,0.05,0,6,1,0,1,1,0,0,2,4,0.037782037896769385,20073,0
227,535.95,1,58,0.55,0.05,1,28,4,0,1,1,0,0,6,9,0.05658304134126881,20131,0
228,536.3,0,14,-5.302,0.05,0,5,0,0,1,1,0,0,2,4,0.05748995060899428,20145,0
229,539.1,2,80,2.262,0.05,2,36,2,0,1,1,0,1,10,15,0.05935636735521257,20225,0
230,540.99,3,57,3.336,0.05,3,27,4,0,0,1,0,0,7,8,0.058489819776201456,20282,0
231,547.32,1,193,-3.382,0.05,1,41,2,0,1,1,0,0,18,65,0.05318879612137617,20475,0
232,548.86,2,50,0.17,0.05,2,20,3,0,1,1,0,0,6,15,0.07002925775945186,20525,0
233,549.41,0,22,-3.936,0.05,0,11,0,0,1,1,0,0,3,5,0.03653496393764561,20547,0
234,549.95,0,22,-3.654,0.05,0,12,0,0,1,1,0,0,3,6,0.04476634256372398,20569,0
235,555.28,0,169,-1.932,0.05,0,46,3,0,1,1,0,0,19,26,0.05220445126471435,20738,0
236,561.6,3,178,3.31,0.05,3,50,4,0,1,1,0,0,21,21,0.05008446358227998,20916,0
237,569.23,1,400,-3.244,0.05,1,61,4,0,0,0,1,0,38,86,0.054820408958476036,21316,0
238,571.89,3,77,5.492,0.05,3,38,5,0,0,1,0,0,8,13,0.05429628836111976,21393,0
239,574.36,5,75,8.592,0.05,5,38,5,0,1,1,0,0,9,13,0.06351153297970692,21468,0
240,575.25,0,32,-5.166,0.05,0,9,0,0,1,1,0,0,3,5,0.05409775840234943,21500,0
241,576.61,1,46,-1.748,0.05,1,18,1,0,1,1,0,0,5,9,0.05419160397318394,21546,0
242,580.44,3,114,4.14,0.05,3,44,3,0,0,1,0,1,13,11,0.05434631420658868,21660,0
243,583.08,4,82,6.708,0.05,4,38,4,0,1,1,0,0,10,15,0.05622578863190805,21742,0
244,583.8,0,27,-3.916,0.05,0,12,0,0,1,1,0,0,4,8,0.04684918898123282,21769,0
245,585.98,2,66,0.124,0.05,2,23,3,0,0,1,0,0,8,14,0.04758023500273174,21835,0
246,588.46,2,75,3.21,0.05,2,35,3,0,1,1,0,0,9,10,0.04867379716287057,21910,0
247,588.78,0,14,-4.074,0.05,0,9,1,0,1,1,0,0,2,5,0.025463030141379153,21924,0
248,588.91,0,6,-5.422,0.05,0,3,2,0,1,1,0,0,1,3,0.07783045681814353,21930,0
249,590.06,1,39,-0.11,0.05,1,22,1,0,1,1,0,0,5,8,0.05707852005098875,21969,0
250,591.65,2,55,-0.178,0.05,2,20,1,0,1,1,0,0,5,17,0.06074894123118032,22024,0
